,HUFL,HULL,MUFL,MULL,LUFL,LULL,OT,xform_HUFL,xform_HULL,xform_MUFL,xform_MULL,xform_LUFL,xform_LULL,xform_OT
0,0.35134,0.69947,0.46391,0.55327,-0.39644,0.24681,-0.86234,0.24955,0.60425,0.18037,0.62936,-0.43858,0.26774,-0.96435
1,0.06335,0.05835,0.21929,0.12916,-0.75403,0.05323,-0.86997,0.18038,0.65758,0.24253,0.76407,-0.61095,0.22186,-0.97765
2,0.14387,0.09041,0.25136,0.20287,-0.54494,0.24681,-0.83161,0.0992,0.62676,0.23036,0.76957,-0.71667,0.30091,-1.02214
3,0.02877,0.34685,0.24502,0.05545,-0.78334,0.296,-0.8776,0.4169,0.47772,0.4614,0.82634,-0.78933,0.12125,-1.00989
4,0.08623,-0.03782,0.1999,0.22156,-0.45604,0.3436,-0.91596,0.40271,0.49529,0.42911,0.8897,-0.46342,0.19182,-1.08763
5,0.08623,0.0263,0.05821,-0.16621,-0.30753,0.19921,-0.89296,0.3597,0.41266,0.50837,0.74685,-0.30543,0.2383,-0.98664
6,0.29371,0.0263,0.34794,-0.05512,0.16926,0.44039,-0.90059,0.28303,0.58744,0.16299,0.27134,0.11996,0.20432,-1.0271
7,-0.10954,-0.03782,-0.12843,-0.07381,0.25816,0.44039,-0.90059,-0.0262,0.40348,-0.1942,0.72297,0.21157,0.3097,-0.89639
8,-1.51542,0.44302,-1.62223,0.33213,0.07937,0.53717,-0.83935,-0.52507,0.46769,-0.50137,0.65758,0.09378,0.44043,-0.9813
9,-2.82891,1.02003,-2.95513,0.7931,-0.09942,0.68156,-0.83935,-1.27012,0.50008,-1.35036,0.61352,0.23144,0.45387,-0.76721
10,-3.45116,1.72478,-3.66344,1.40202,0.22788,0.73075,-0.80862,-1.90743,0.6631,-1.74715,0.75246,-0.06055,0.4436,-0.81579
11,-3.64711,2.10945,-3.88885,1.89984,0.28748,0.44039,-0.79325,-2.10138,0.62718,-2.28048,0.65443,-0.11032,0.45628,-0.84293
12,-3.58948,1.24442,-3.79861,0.99607,-0.06914,0.53717,-0.77026,-2.31065,0.35566,-2.34025,0.63287,-0.29155,0.18636,-0.81967
13,-3.18623,1.02003,-3.41882,1.05162,-0.54494,0.48957,-0.59394,-2.30585,0.48659,-2.36682,0.64826,-0.48177,0.42688,-0.76992
14,-3.37065,1.91711,-3.46376,1.56813,-0.60454,0.48957,-0.54032,-2.02663,0.21212,-1.98747,0.51963,-0.31836,0.55462,-0.83367
15,-2.61008,0.73152,-2.64601,0.60882,-0.45604,0.58478,-0.64766,-1.54624,0.02524,-1.53659,0.31708,-0.41477,0.4197,-0.71762
16,-1.30794,0.3148,-1.37761,0.29528,-0.00954,0.58478,-0.66303,-0.95135,-0.20161,-1.02989,0.04336,-0.09745,0.31571,-0.74799
17,-0.06344,-0.16604,-0.15416,-0.23992,0.55518,0.58478,-0.60167,-0.62628,-0.40038,-0.74895,-0.24427,0.04088,0.34332,-0.83381
18,-0.0058,-0.38995,-0.11556,-0.47975,0.55518,0.63396,-0.67066,-0.22888,-0.34016,-0.28565,-0.40319,0.22788,0.07961,-0.83278
19,0.05183,-0.42201,-0.16068,-0.47975,0.73397,0.44039,-0.62467,-0.29749,-0.59045,-0.42967,-0.38939,0.11492,0.25026,-0.78756
20,0.01725,-0.3579,-0.08983,-0.47975,0.58547,0.82754,-0.68602,-0.23242,-0.54403,-0.2375,-0.3848,-0.052,0.0958,-0.76498
21,-0.19023,-0.29378,-0.05124,-0.36866,-0.15902,0.73075,-0.68602,-0.1236,-0.3021,-0.30917,-0.44346,-0.13437,0.31377,-0.84089
22,0.12081,0.05835,0.11619,-0.11067,-0.15902,0.68156,-0.73964,0.04447,0.16765,-0.10977,0.19114,-0.45974,0.2592,-0.94499
23,0.57034,0.85975,0.6442,0.62699,-0.03983,0.44039,-0.8546,0.15348,0.15934,0.11337,0.6199,-0.59657,0.2807,-0.90817
24,0.40897,0.41097,0.63768,0.7931,-0.66414,0.3436,-0.86997,0.25152,0.41152,0.13649,0.77785,-0.54722,0.40446,-0.90568
25,0.68543,1.11619,0.74731,0.68253,-0.33684,0.48957,-0.95431,0.17831,0.46918,0.16432,0.68122,-0.64517,0.17485,-0.91332
26,0.66238,0.92386,0.77304,0.68253,-0.63483,0.3436,-0.93132,0.29777,0.58269,0.37225,0.76255,-0.79245,0.12534,-0.92715
27,0.67391,1.34058,0.85675,0.73808,-0.57523,0.58478,-0.98494,0.15258,0.60287,0.42192,0.80834,-0.75226,0.24346,-0.8341
28,0.70849,0.98797,0.83102,0.90367,-0.81362,0.77835,-1.0233,0.28641,0.41334,0.39136,0.8909,-0.63764,0.11853,-0.88396
29,0.55882,1.08414,0.58622,0.7931,-0.00954,0.77835,-1.01556,0.34572,0.48874,0.54646,0.54978,-0.21851,0.30853,-1.04501
30,0.89291,0.82769,0.74078,0.57196,-0.06914,0.48957,-1.05392,0.3445,0.43775,0.21259,0.47621,-0.05411,0.36995,-1.08044
31,0.62797,0.8918,0.4833,0.8855,0.52587,0.92433,-1.06928,0.03291,0.46614,-0.19961,0.59341,0.12122,0.5806,-1.00166
32,-1.08894,1.21236,-1.17793,0.9779,0.22788,1.11632,-1.05392,-0.50282,0.38387,-0.64459,0.50723,0.15412,0.35111,-0.87187
33,-2.49482,1.53244,-2.71686,1.49442,-0.06914,0.97193,-1.03092,-1.24096,0.56175,-1.46127,0.68242,0.13404,0.41663,-0.71
34,-3.42811,1.59655,-3.72142,1.54944,0.10966,0.68156,-0.86234,-1.71882,0.49391,-1.73074,0.71436,0.07695,0.43483,-0.9944
35,-3.99273,2.62234,-4.24944,2.25076,0.37736,0.73075,-0.89296,-1.99541,0.53982,-2.188,0.70841,-0.05424,0.42473,-0.93124
36,-4.48837,2.46206,-4.68069,1.80796,-0.45604,0.73075,-0.86234,-2.23065,0.35146,-2.48869,0.72307,-0.27999,0.44328,-0.8342
37,-4.55735,2.59028,-4.61002,2.30578,-0.48632,0.63396,-0.70901,-2.27617,0.47756,-2.16467,0.49198,-0.44455,0.39716,-0.68239
38,-2.01088,0.50713,-2.08592,0.27659,-0.39644,0.68156,-0.64766,-1.82726,0.21598,-2.03391,0.63966,-0.35457,0.22845,-0.78121
39,-3.02486,0.73152,-3.0711,0.60882,-0.60454,0.68156,-0.63992,-1.53674,-0.08079,-1.6647,0.26901,-0.40988,0.29297,-0.56108
40,-0.63958,-0.32584,-0.55352,-0.40604,-0.18833,0.77835,-0.6323,-0.81067,-0.23805,-1.17376,-0.03562,-0.22119,0.37514,-0.71726
41,-0.1787,-0.19762,-0.21867,-0.25809,0.19857,0.44039,-0.57094,-0.58936,-0.26356,-0.8252,-0.25187,0.04764,0.33469,-0.83381
42,-0.06344,-0.42201,-0.08983,-0.49792,0.16926,0.53717,-0.64766,-0.21186,-0.54462,-0.18358,-0.51825,0.1449,0.39045,-0.84134
43,-0.06344,-0.45406,-0.09636,-0.47975,0.13897,0.296,-0.70901,-0.07809,-0.60415,-0.37307,-0.43594,0.14641,0.26008,-0.8474
44,-0.10954,-0.3579,-0.16702,-0.47975,0.34707,0.68156,-0.73964,-0.22008,-0.51475,-0.25187,-0.45404,-0.00567,0.34637,-0.91478
45,-0.24786,-0.67845,-0.2444,-0.75644,-0.09942,0.58478,-0.80099,-0.11719,-0.49677,-0.23705,-0.35328,-0.22164,0.37609,-0.92438
46,-0.3516,-0.42201,-0.32811,-0.47975,-0.42672,0.48957,-0.80862,0.14636,0.02428,-0.03301,0.18179,-0.39358,0.1252,-0.93965
47,0.21302,0.3148,0.32221,0.33213,-0.57523,0.296,-0.80099,0.01448,0.37139,-0.00851,0.43505,-0.25992,0.36031,-0.88595
48,0.10929,0.57124,0.30935,0.42453,-0.84293,0.15002,-0.82398,0.21813,0.47164,0.2171,0.70631,-0.50569,0.20997,-0.93855
49,0.29371,0.50713,0.56049,0.82996,-0.96213,0.00563,-0.83935,0.21504,0.52783,0.17609,0.77586,-0.68458,0.14615,-0.93234
50,0.15539,0.79564,0.34794,0.49825,-0.99144,0.19921,-0.82398,0.07771,0.60531,0.40657,0.76259,-0.94224,0.19806,-1.01443
51,0.13234,0.76358,0.37386,0.62699,-1.02173,-0.04356,-0.90833,0.39403,0.51879,0.3262,0.85858,-0.69688,0.07879,-0.98627
52,0.14387,0.53919,0.32874,0.73808,-1.17024,-0.18795,-0.83935,0.4095,0.54946,0.34567,0.7447,-0.4043,0.18811,-1.01651
53,0.0403,0.25069,0.09698,0.01859,-0.69443,0.15002,-0.77026,0.41802,0.49795,0.36164,0.83154,-0.254,0.14209,-0.93985
54,0.08623,-0.06987,0.12906,-0.23992,-0.15902,0.15002,-0.69365,0.24683,0.4162,0.35614,0.56546,0.08891,0.21648,-1.08194
55,0.15539,0.05835,0.10985,0.20287,0.19857,0.3436,-0.73201,-0.04969,0.63472,-0.13183,0.47568,0.21425,0.29776,-0.92177
56,-0.53585,0.3148,-0.42469,0.55327,-0.30753,0.53717,-0.67828,-0.688,0.36689,-0.69062,0.56064,0.12592,0.49222,-0.82744
57,-0.72027,0.44302,-0.73363,0.23973,-0.39644,0.48957,-0.59394,-1.27215,0.60294,-1.2092,0.62723,-0.01837,0.50304,-1.06527
58,-1.96477,0.73152,-2.01507,0.64567,-0.03983,0.68156,-0.6093,-1.61303,0.53476,-1.95594,0.67629,0.05369,0.45682,-0.86152
59,-1.5961,0.76358,-1.66735,0.38716,0.43696,0.87514,-0.61693,-1.96465,0.49273,-2.08638,0.75158,-0.12971,0.3851,-0.94634
60,-3.87764,1.46833,-3.96604,1.3283,-0.54494,0.58478,-0.50196,-2.23409,0.40392,-2.34026,0.53077,-0.12272,0.41408,-0.81973
61,-2.89807,1.18031,-2.87794,0.81179,-0.57523,0.58478,-0.40999,-2.27927,0.29215,-2.29903,0.71449,-0.41913,0.38873,-0.67878
62,-2.96723,1.11619,-3.07744,0.82996,-0.78334,0.82754,-0.37163,-1.82566,0.30374,-1.9603,0.45632,-0.53114,0.52294,-0.67972
63,-2.26429,0.37891,-2.25969,0.20287,-0.57523,0.73075,-0.49434,-1.5066,0.08028,-1.7359,0.35027,-0.17702,0.2904,-0.71358
64,-1.2042,0.12246,-1.22305,-0.03695,-0.27724,0.73075,-0.41762,-0.95975,-0.03637,-1.13712,-0.11226,-0.17403,0.42651,-0.69541
65,-0.04038,-0.19762,-0.15416,-0.36866,0.70466,0.77835,-0.4636,-0.70199,-0.31389,-0.7726,-0.22656,0.07989,0.32512,-0.86415
66,0.07471,-0.32584,0.09698,-0.33181,0.10966,0.39278,-0.58631,-0.26479,-0.52193,-0.22071,-0.18847,0.00449,0.15048,-0.75287
67,0.01725,-0.32584,-0.05124,-0.4429,0.31776,0.68156,-0.60167,-0.12913,-0.42513,-0.42545,-0.49165,0.19229,0.19246,-0.82867
68,-0.1326,-0.29378,-0.12843,-0.4429,-0.00954,0.77835,-0.72427,-0.2451,-0.5198,-0.40908,-0.3136,-0.10617,0.2657,-0.83472
69,-0.10954,-0.71051,-0.17989,-0.90386,0.13897,0.87514,-0.77026,-0.13863,-0.43943,-0.22623,-0.15575,-0.17849,0.12761,-0.73573
70,0.09776,0.21863,0.18704,0.01859,-0.30753,0.68156,-0.80099,0.00699,-0.00177,-0.17978,0.2259,-0.24802,0.32043,-0.95643
71,0.66238,1.24442,0.88882,1.21773,-0.09942,0.296,-0.80099,0.05495,0.33905,0.12728,0.34936,-0.48978,0.11914,-0.82653
72,0.67391,1.43627,0.88248,1.51259,-0.81362,0.53717,-0.82398,0.17354,0.59068,0.28037,0.76073,-0.4188,0.23294,-1.09229
73,0.68543,1.08414,0.90821,1.10664,-0.84293,0.296,-0.77026,0.18474,0.61892,0.27142,0.67553,-0.84974,0.05153,-0.96101
74,0.43203,1.14825,0.61847,0.94105,-0.81362,0.24681,-0.79325,0.16131,0.66292,0.22787,0.8603,-0.81145,0.21151,-1.12312
75,0.31676,0.82769,0.59274,0.86681,-1.20052,-0.09116,-0.65529,0.15963,0.6068,0.36227,0.79083,-0.59064,0.0799,-0.98659
76,0.33981,1.14825,0.66993,1.25459,-1.34903,0.05323,-0.62467,0.26945,0.53957,0.3754,0.73582,-0.51868,0.18996,-1.0685
77,0.40897,0.47508,0.50903,0.51642,-0.21764,0.53717,-0.67066,0.26294,0.49943,0.20476,0.66477,-0.19792,0.25047,-1.08117
78,0.45508,0.53919,0.3802,0.25842,0.64506,1.16551,-0.67828,0.27197,0.51966,0.41978,0.53738,-0.00479,0.24068,-0.89467
79,0.43203,0.44302,0.27075,0.4427,0.46627,0.77835,-0.67066,-0.00802,0.54771,-0.0587,0.57961,0.17429,0.55052,-0.93709
80,-0.75485,0.79564,-0.79814,0.38716,0.13897,0.77835,-0.56332,-0.46075,0.45524,-0.68544,0.5339,0.1566,0.41582,-0.95516
81,-2.04546,0.53919,-2.17598,0.73808,-0.24793,0.73075,-0.49434,-1.20515,0.59322,-1.56151,0.70981,0.20051,0.52726,-0.94182
82,-2.69076,1.11619,-2.93574,1.05162,0.19857,1.02112,-0.47134,-1.69524,0.58598,-1.97701,0.70115,-0.00469,0.52622,-0.84137
83,-3.11707,1.62861,-3.3737,1.27276,0.37736,0.73075,-0.5097,-1.95343,0.56322,-2.13518,0.70105,-0.04573,0.41559,-0.87723
84,-2.89807,0.76358,-2.93574,0.51642,-0.39644,0.63396,-0.4636,-2.18304,0.45834,-2.404,0.54297,-0.21674,0.36969,-0.82665
85,-3.35912,1.18031,-3.43169,1.25459,-0.84293,0.68156,-0.30265,-2.28423,0.50757,-2.43063,0.66737,-0.31216,0.29793,-0.67203
86,-1.40015,0.12246,-1.37761,-1e-04,-0.63483,0.82754,-0.25666,-1.83708,0.21168,-2.03086,0.51125,-0.25867,0.46778,-0.90047
87,-1.83798,0.25069,-2.01507,0.12916,-0.18833,0.97193,-0.37937,-1.43801,0.02828,-1.6239,0.28829,-0.37864,0.19102,-0.76046
88,-1.18115,0.05835,-1.18446,0.07362,-0.15902,0.68156,-0.44061,-0.92939,-0.15112,-1.17204,-0.05725,-0.09369,0.34704,-0.77001
89,-0.09802,-0.16604,-0.12843,-0.29495,0.19857,0.77835,-0.53269,-0.63265,-0.28286,-0.78336,-0.35957,-0.01688,0.3516,-0.82865
90,-0.06344,-0.42201,-0.1027,-0.4429,0.25816,0.296,-0.57094,-0.23236,-0.43745,-0.39323,-0.53959,0.09397,0.2471,-0.82184
91,0.02877,-0.29378,0.03248,-0.25809,-0.15902,0.15002,-0.57868,-0.22765,-0.52371,-0.38203,-0.46604,0.25131,0.24817,-0.79176
92,-0.1326,-0.3579,-0.05124,-0.33181,-0.15902,0.24681,-0.59394,-0.12366,-0.56421,-0.40077,-0.42178,-0.05109,0.28118,-0.84895
93,0.06335,-0.38995,0.1999,-0.35049,-0.54494,0.19921,-0.57094,-0.19507,-0.39492,-0.07385,-0.30731,-0.20487,0.17197,-0.81391
94,0.12081,-0.10193,0.20643,-0.12935,-0.60454,0.53717,-0.6323,-0.10947,0.06208,-0.09043,0.24143,-0.28792,0.29443,-0.901
95,0.51271,0.50713,0.6442,0.33213,-0.48632,0.24681,-0.67066,0.00371,0.32251,0.1484,0.50013,-0.42583,0.26414,-0.91539
96,0.74307,1.30853,1.04991,1.10664,-0.87322,0.10242,-0.70128,0.0845,0.51192,0.25181,0.86221,-0.48422,0.17468,-0.90267
97,0.60492,0.63536,0.72139,0.59013,-0.78334,0.39278,-0.74726,0.14278,0.62621,0.18948,0.72261,-0.81222,0.25017,-0.9492
98,0.50118,0.6033,0.69566,0.66384,-0.90253,0.296,-0.77026,0.27006,0.57782,0.1227,0.86263,-0.79674,0.11632,-0.95447
99,0.40897,0.6033,0.6442,0.75624,-1.02173,0.53717,-0.77799,0.2079,0.64449,0.26597,0.72961,-0.79209,0.17465,-0.98289
100,0.62797,0.66741,0.73426,0.64567,-0.69443,0.44039,-0.77026,0.2815,0.51678,0.42344,0.81876,-0.63644,0.2169,-0.99108
101,0.29371,0.25069,0.39306,-0.38735,-0.57523,0.48957,-0.77026,0.29075,0.55534,0.32075,0.8032,-0.40516,0.22952,-1.11545
102,0.60492,0.73152,0.63768,0.46139,-0.09942,0.48957,-0.76263,0.46741,0.34742,0.19984,0.61693,-0.03124,0.32111,-1.07191
103,0.38592,0.21863,0.32221,0.22156,-0.00954,0.44039,-0.70128,-0.0752,0.58968,-0.21601,0.72274,-0.00857,0.52339,-0.84814
104,-0.9969,1.05208,-0.98478,1.2359,-0.51563,0.296,-0.68602,-0.4529,0.47313,-0.70516,0.60725,0.01403,0.39742,-1.05657
105,-2.66771,1.05208,-2.69113,0.95922,-0.57523,0.48957,-0.72427,-1.16956,0.46799,-1.399,0.77314,0.05069,0.5336,-0.95103
106,-3.40506,1.82094,-3.5732,1.84482,-0.21764,0.63396,-0.70901,-1.58741,0.54724,-1.98275,0.62321,-0.04318,0.39694,-0.86942
107,-3.75085,1.91711,-3.92092,1.86298,-0.15902,0.296,-0.69365,-2.096,0.45272,-2.13761,0.65864,-0.06647,0.37935,-0.91325
108,-4.52294,2.17356,-4.57125,2.0291,-0.93184,0.24681,-0.61693,-2.15644,0.43842,-2.386,0.63578,-0.19974,0.38852,-0.83004
109,-4.05036,2.55823,-4.04976,2.4719,-0.93184,0.24681,-0.44835,-2.09008,0.39256,-2.44915,0.58068,-0.30357,0.51317,-0.83706
110,-3.30149,1.88505,-3.39943,1.89984,-0.78334,0.44039,-0.37937,-1.87339,0.22352,-1.96784,0.45502,-0.33462,0.2957,-0.81412
111,-2.55245,0.6033,-2.54309,0.77493,-0.54494,0.24681,-0.47897,-1.44102,-0.02818,-1.60039,0.26062,-0.39447,0.41487,-0.64411
112,-1.22726,-0.10193,-1.21671,-0.09198,-0.39644,0.53717,-0.40236,-1.0435,-0.15863,-0.88562,-0.09616,-0.16474,0.26367,-0.76089
113,-0.04038,-0.10193,-0.1027,-0.20307,0.49656,0.73075,-0.47134,-0.67338,-0.19981,-0.64323,-0.27144,0.07356,0.31717,-0.91976
114,0.01725,-0.19762,-0.04471,-0.25809,0.61478,0.44039,-0.49434,-0.18653,-0.62646,-0.27304,-0.36094,0.10859,0.42696,-0.7991
115,-0.02886,-0.29378,-0.07697,-0.38735,0.37736,0.77835,-0.54795,-0.29737,-0.57387,-0.33783,-0.49178,0.15567,0.21033,-0.82391
116,-0.09802,-0.26173,-0.14782,-0.40604,0.46627,0.82754,-0.57868,-0.09755,-0.51861,-0.24795,-0.45695,-0.02512,0.28023,-0.91798
117,0.02877,-0.48612,0.02613,-0.68272,0.19857,0.97193,-0.65529,-0.25751,-0.41227,-0.10138,-0.27737,-0.08826,0.21991,-0.80737
118,0.43203,0.53919,0.54763,0.14785,-0.45604,0.77835,-0.78562,0.0408,-0.00806,-0.01976,0.13977,-0.36754,0.22899,-1.0122
119,0.60492,0.76358,0.70853,0.60882,-0.72374,0.24681,-0.755,0.20793,0.33667,0.15813,0.50071,-0.59417,0.21057,-1.03412
120,0.83528,1.27647,1.02418,1.03293,-0.78334,0.48957,-0.77799,0.01024,0.4628,0.26237,0.70104,-0.47467,0.21788,-0.87162
121,0.73154,1.05208,0.84389,0.7931,-0.39644,0.39278,-0.73964,0.12792,0.56856,0.19964,0.85604,-0.74884,0.31446,-1.01934
122,0.57034,1.05208,0.85023,0.84865,-0.81362,0.296,-0.76263,0.11177,0.57091,0.27947,0.92753,-0.78681,0.24313,-0.89443
123,0.66238,1.18031,0.93394,0.8855,-0.93184,0.44039,-0.72427,0.23026,0.61555,0.30904,0.84307,-0.8049,0.05036,-1.05485
124,0.86986,1.08414,0.95967,0.8855,-0.33684,0.53717,-0.81624,0.2402,0.63216,0.42996,0.72735,-0.52577,0.12204,-0.95312
125,0.61645,0.63536,0.65073,0.59013,-0.12873,0.53717,-0.80862,0.4554,0.55757,0.30132,0.67051,-0.35709,0.20075,-0.99164
126,0.67391,0.50713,0.70219,0.31345,-0.15902,0.296,-0.98494,0.26941,0.4468,0.12382,0.52463,0.09135,0.22587,-0.97484
127,0.74307,0.98797,0.63768,0.75624,0.49656,0.77835,-0.8776,-0.07017,0.40646,-0.17601,0.70138,0.10556,0.52078,-0.83975
128,-0.29396,1.14825,-0.37323,1.05162,0.43696,1.16551,-1.03866,-0.59318,0.50324,-0.81955,0.60842,0.11082,0.38733,-0.89524
129,-1.01995,0.73152,-1.1908,0.25842,0.34707,1.2623,-1.01556,-1.1599,0.52301,-1.38536,0.60308,0.05668,0.50589,-0.81288
130,-0.57043,0.63536,-0.63705,0.40585,0.49656,1.11632,-1.0233,-1.77173,0.53336,-1.89951,0.73866,0.00504,0.38513,-0.93552
131,-0.36312,0.15452,-0.51474,0.03676,0.67437,0.97193,-0.93132,-2.11105,0.60287,-2.17904,0.62592,-0.14742,0.46781,-0.87129
132,-2.22971,0.28274,-2.31133,-0.03695,-0.27724,0.68156,-0.83935,-2.23802,0.36333,-2.48784,0.53105,-0.22188,0.30286,-0.77195
133,-2.50634,0.85975,-2.58168,0.70122,-0.42672,0.58478,-0.78562,-2.30049,0.34382,-2.18322,0.6426,-0.3955,0.41756,-0.72262
134,-2.63313,0.66741,-2.72972,0.81179,-0.78334,0.44039,-0.80099,-1.81274,0.33424,-1.96961,0.38073,-0.46823,0.41531,-0.8096
135,-2.77145,0.25069,-2.73624,0.38716,-0.69443,0.24681,-0.71664,-1.48822,0.0049,-1.5625,0.29331,-0.37075,0.33273,-0.69058
136,-1.40015,-0.03782,-1.44846,-0.01827,-0.18833,0.58478,-0.73201,-0.98285,-0.42216,-1.04364,0.0297,-0.10969,0.34562,-0.61329
137,-0.1787,-0.32584,-0.23153,-0.42421,0.40667,0.44039,-0.70901,-0.54953,-0.35727,-0.72323,-0.32882,0.0273,0.27358,-0.78295
138,-0.07496,-0.45406,-0.13495,-0.53478,0.37736,0.48957,-0.72427,-0.34036,-0.55788,-0.34948,-0.52083,0.18389,0.3415,-0.92389
139,-0.16717,-0.6464,-0.19294,-0.60849,0.13897,0.296,-0.80862,-0.24321,-0.65751,-0.38695,-0.43015,0.2374,0.1336,-0.79556
140,-0.28244,-0.6464,-0.2636,-0.64535,-0.06914,0.39278,-0.86234,-0.31547,-0.64059,-0.30453,-0.41597,0.0149,0.23691,-0.7895
141,-0.28244,-0.77462,-0.23787,-0.62718,-0.33684,0.39278,-0.98494,-0.10902,-0.48469,-0.21362,-0.29229,-0.31965,0.13883,-0.98916
142,-0.27091,-0.13398,-0.2058,-0.16621,-0.54494,0.3436,-1.05392,0.082,-0.07218,-0.07082,0.18579,-0.38864,0.20385,-0.93092
143,-0.0058,-0.00576,0.10985,0.07362,-0.18833,0.39278,-1.13826,-0.09174,0.25613,0.21047,0.68337,-0.46756,0.22899,-0.94046
144,0.14387,0.41097,0.25789,0.3503,-0.33684,0.53717,-1.22261,0.14295,0.48223,0.15932,0.69218,-0.43376,0.35683,-1.00333
145,0.12081,0.37891,0.25136,0.29528,-0.24793,0.44039,-1.16888,0.19886,0.55165,0.16714,0.78561,-0.59373,0.15787,-1.00105
146,0.18997,0.79564,0.43166,0.62699,-0.87322,0.48957,-1.2456,0.30547,0.57234,0.28076,0.82135,-0.84825,0.19519,-0.97077
147,0.10929,0.25069,0.18704,0.11047,-0.90253,0.296,-1.29922,0.21408,0.50931,0.3082,0.68016,-0.62263,0.1422,-1.01428
148,0.0403,0.0263,0.13558,0.16602,-0.60454,0.24681,-1.03866,0.43167,0.54131,0.49494,0.70209,-0.54861,0.09522,-1.04543
149,0.23608,0.53919,0.3416,0.49825,-0.21764,0.39278,-1.09228,0.18971,0.48381,0.40711,0.75196,-0.3261,0.24494,-0.94609
150,0.29371,0.21863,0.38672,0.31345,-0.15902,0.10242,-1.2456,0.1915,0.37375,0.19048,0.57651,-0.06855,0.55484,-1.06646
151,0.4666,0.63536,0.30301,0.20287,0.64506,0.3436,-1.21498,-0.06182,0.40873,-0.09929,0.56872,0.24188,0.47451,-1.01106
152,-0.88164,0.98797,-0.9913,1.01476,0.13897,0.73075,-1.2456,-0.43499,0.37952,-0.64505,0.50118,0.06676,0.45427,-0.9124
153,-2.66771,1.08414,-2.72972,1.10664,-0.06914,0.68156,-1.16888,-1.18785,0.47928,-1.34655,0.66266,0.02015,0.59266,-1.02249
154,-3.18623,1.59655,-3.42516,1.43887,0.37736,0.97193,-1.14589,-1.60086,0.55575,-1.76369,0.64113,0.02524,0.38876,-0.78439
155,-2.59855,1.27647,-2.91001,1.08847,0.58547,0.87514,-0.96957,-2.09479,0.54985,-2.22948,0.62441,-0.04724,0.57654,-0.87009
156,-3.87764,1.94917,-4.04323,1.62316,-0.00954,1.02112,-0.8776,-2.23241,0.40663,-2.28533,0.53071,-0.36758,0.45114,-0.79438
157,-3.82001,2.46206,-4.08201,2.01093,-0.09942,0.82754,-0.69365,-2.10612,0.3219,-2.15147,0.43604,-0.21888,0.33387,-0.8077
158,-3.52032,1.88505,-3.64405,1.73425,-0.09942,0.77835,-0.6323,-1.9303,0.13947,-1.88621,0.43659,-0.35093,0.4459,-0.70866
159,-2.47176,0.50713,-2.60107,0.29528,-0.33684,0.68156,-0.70901,-1.36093,0.05082,-1.5698,0.21182,-0.44396,0.41282,-0.78464
160,-1.36557,0.09041,-1.45481,0.11047,-0.12873,0.44039,-0.6323,-0.99547,-0.14329,-1.19655,0.01312,-0.10422,0.39412,-0.86361
161,-0.04038,-0.10193,-0.14782,-0.22124,0.61478,0.73075,-0.63992,-0.73367,-0.42303,-0.78595,-0.17015,0.04744,0.38948,-0.8759
162,-0.01733,-0.29378,-0.08983,-0.36866,0.43696,0.39278,-0.86997,-0.22198,-0.39834,-0.47078,-0.37143,0.19545,0.10989,-0.76598
163,-0.08649,-0.38995,-0.12843,-0.4429,0.16926,0.44039,-0.90059,-0.49699,-0.54094,-0.54794,-0.37966,0.09796,0.37124,-0.84083
164,-0.24786,-0.42201,-0.22501,-0.46106,-0.15902,0.48957,-0.90059,-0.24534,-0.5293,-0.37164,-0.38501,0.06325,0.24259,-0.88249
165,0.22455,-0.45406,0.23216,-0.53478,-0.06914,0.97193,-0.90059,-0.23727,-0.42875,-0.2606,-0.26715,-0.12061,0.30007,-0.9621
166,0.23608,0.25069,0.32874,0.11047,-0.21764,0.87514,-0.92358,-0.04292,-0.0466,-0.20835,0.17146,-0.38401,0.19707,-0.97397
167,0.54729,0.6033,0.63768,0.55327,-0.36713,0.10242,-0.94658,-0.00165,0.23349,0.11587,0.43786,-0.43208,0.26494,-0.99369
168,0.54729,0.92386,0.65073,0.77493,-0.78334,0.48957,-1.0003,0.23679,0.56294,0.32598,0.66053,-0.56914,0.15076,-0.9015
169,0.54729,0.92386,0.65073,0.77493,-0.78334,0.48957,-1.0003,0.03762,0.54739,0.19555,0.81316,-0.69218,0.23372,-1.02742
170,0.54729,0.92386,0.65073,0.77493,-0.78334,0.48957,-1.0003,0.14792,0.61653,0.26537,0.73146,-0.77619,0.0826,-1.02596
171,0.54729,0.92386,0.65073,0.77493,-0.78334,0.48957,-1.0003,0.15384,0.61336,0.32588,0.72398,-0.74478,0.23705,-1.07125
172,0.54729,0.92386,0.65073,0.77493,-0.78334,0.48957,-1.0003,0.37044,0.44659,0.34809,0.6776,-0.52509,0.13562,-0.90196
173,0.54729,0.92386,0.65073,0.77493,-0.78334,0.48957,-1.0003,0.31919,0.47576,0.24741,0.53401,-0.3467,0.38426,-0.93687
174,0.54729,0.92386,0.65073,0.77493,-0.78334,0.48957,-1.0003,0.2171,0.53618,0.13586,0.56658,-0.0591,0.30882,-0.98826
175,0.54729,0.92386,0.65073,0.77493,-0.78334,0.48957,-1.0003,0.09655,0.39717,-0.14244,0.56994,0.07474,0.26846,-0.93842
176,0.54729,0.92386,0.65073,0.77493,-0.78334,0.48957,-1.0003,-0.42379,0.47775,-0.73095,0.49209,0.1604,0.40219,-0.96041
177,0.54729,0.92386,0.65073,0.77493,-0.78334,0.48957,-1.0003,-1.24327,0.49072,-1.49668,0.61746,0.06272,0.44516,-0.94405
178,0.54729,0.92386,0.65073,0.77493,-0.78334,0.48957,-1.0003,-1.64229,0.51564,-1.91677,0.80768,0.13226,0.52315,-0.87351
179,0.54729,0.92386,0.65073,0.77493,-0.78334,0.48957,-1.0003,-2.03559,0.58204,-2.28747,0.69838,0.05447,0.34954,-0.91085
180,0.54729,0.92386,0.65073,0.77493,-0.78334,0.48957,-1.0003,-2.08611,0.32491,-2.23652,0.59231,-0.25373,0.29438,-0.94542
181,0.54729,0.92386,0.65073,0.77493,-0.78334,0.48957,-1.0003,-2.03392,0.39501,-2.37317,0.49905,-0.51172,0.45094,-0.75343
182,0.54729,0.92386,0.65073,0.77493,-0.78334,0.48957,-1.0003,-2.04492,0.24093,-1.94273,0.4825,-0.32141,0.46851,-0.72758
183,0.54729,0.92386,0.65073,0.77493,-0.78334,0.48957,-1.0003,-1.52484,0.09711,-1.56746,0.23906,-0.36062,0.38368,-0.79155
184,0.54729,0.92386,0.65073,0.77493,-0.78334,0.48957,-1.0003,-0.86016,-0.26223,-0.96258,-0.07715,-0.19129,0.3012,-0.6794
185,0.54729,0.92386,0.65073,0.77493,-0.78334,0.48957,-1.0003,-0.564,-0.31027,-0.73155,-0.22432,0.00387,0.28281,-0.78029
186,0.54729,0.92386,0.65073,0.77493,-0.78334,0.48957,-1.0003,-0.12776,-0.53148,-0.40303,-0.39931,0.07118,0.27765,-0.95093
187,0.54729,0.92386,0.65073,0.77493,-0.78334,0.48957,-1.0003,-0.29391,-0.54358,-0.41621,-0.40135,0.11915,0.33228,-0.81429
188,0.54729,0.92386,0.65073,0.77493,-0.78334,0.48957,-1.0003,-0.11337,-0.54804,-0.41034,-0.4135,-0.03807,0.08281,-0.84548
189,0.54729,0.92386,0.65073,0.77493,-0.78334,0.48957,-1.0003,-0.2175,-0.58551,-0.30185,-0.22088,-0.0911,0.36381,-0.78541
190,0.54729,0.92386,0.65073,0.77493,-0.78334,0.48957,-1.0003,-0.1122,0.01306,-0.05324,0.21909,-0.36741,0.3335,-0.88897
191,0.54729,0.92386,0.65073,0.77493,-0.78334,0.48957,-1.0003,-0.08897,0.12292,0.15202,0.52119,-0.52626,0.38941,-0.85514
192,0.69696,1.24442,0.81797,1.03293,-0.45604,0.44039,-0.82398,0.17012,0.40848,0.21931,0.6766,-0.34084,0.13856,-0.93695
193,0.69696,0.95591,0.7859,0.86681,-0.48632,0.63396,-0.80862,0.31879,0.53489,0.27009,0.68564,-0.7517,0.34903,-1.01481
194,0.4666,0.73152,0.57336,0.60882,-0.57523,0.73075,-0.83935,0.18267,0.48674,0.21696,0.77203,-0.76811,0.11788,-0.9795
195,0.44355,0.73152,0.63134,0.73808,-0.69443,0.53717,-0.83935,0.31823,0.62006,0.2102,0.61569,-0.8397,0.30867,-1.1142
196,0.44355,0.44302,0.50903,0.4427,-0.51563,0.58478,-0.82398,0.18034,0.53892,0.46387,0.70746,-0.56592,0.07494,-1.04263
197,0.37439,0.6033,0.45105,0.59013,-0.12873,0.53717,-0.86997,0.35909,0.44226,0.41664,0.62368,-0.36587,0.1771,-1.04688
198,0.69696,0.79564,0.72792,0.38716,0.25816,0.44039,-0.8776,0.35017,0.36011,0.17625,0.56091,-0.05004,0.3268,-0.9737
199,0.40897,0.34685,0.31587,0.31345,0.70466,0.73075,-0.8546,-0.07109,0.43802,-0.30196,0.62237,0.2086,0.47363,-0.98553
200,-0.93927,0.92386,-0.95904,0.90367,-0.00954,0.87514,-0.755,-0.57337,0.50427,-0.71076,0.61226,0.1588,0.38276,-1.02915
201,-2.62161,0.85975,-2.80709,0.70122,-0.06914,0.87514,-0.73964,-1.21064,0.36607,-1.3019,0.72782,0.12546,0.41059,-0.79213
202,-3.26691,1.43627,-3.48315,1.3283,0.13897,0.77835,-0.70901,-1.56166,0.5887,-1.89991,0.66401,0.18338,0.57458,-1.04274
203,-3.69322,1.853,-3.85008,1.7711,-0.00954,0.44039,-0.64766,-1.88384,0.51343,-2.19529,0.75271,-0.03912,0.52241,-0.9685
204,-4.03884,2.01328,-4.25578,1.9367,-0.33684,0.77835,-0.68602,-2.09592,0.45084,-2.58534,0.45471,-0.25422,0.38896,-0.84392
205,-3.86611,1.82094,-3.99177,1.64184,-0.24793,0.68156,-0.364,-2.00671,0.351,-2.40801,0.62162,-0.40137,0.50697,-0.86241
206,-3.24386,1.08414,-3.32858,0.9779,-0.51563,0.68156,-0.31039,-1.77591,0.13014,-1.93551,0.39366,-0.4212,0.34026,-0.77811
207,-2.50634,0.73152,-2.62028,0.46139,-0.30753,0.87514,-0.42535,-1.33187,0.07121,-1.61314,0.24278,-0.3709,0.25328,-0.67595
208,-1.38863,0.09041,-1.50645,0.01859,0.07937,0.82754,-0.30265,-0.87493,-0.05388,-1.07188,-0.13134,-0.16121,0.31708,-0.61154
209,-0.12107,-0.3579,-0.18641,-0.38735,0.31776,0.3436,-0.42535,-0.58405,-0.25914,-0.65824,-0.26822,-0.03552,0.2516,-0.83921
210,0.02877,-0.32584,-0.04471,-0.38735,0.31776,0.3436,-0.57094,-0.39711,-0.57101,-0.32117,-0.42684,0.1065,0.45534,-0.71676
211,-0.02886,-0.45406,-0.05758,-0.36866,0.16926,0.05323,-0.6323,-0.14756,-0.63662,-0.46439,-0.48676,0.10943,0.17955,-0.78021
212,-0.1326,-0.42201,-0.17355,-0.4429,0.22788,0.63396,-0.61693,-0.27168,-0.44236,-0.43302,-0.56154,-0.0531,0.37514,-0.6918
213,-0.15565,-0.16604,-0.15416,-0.16621,-0.15902,0.24681,-0.6093,-0.22485,-0.42141,-0.30222,-0.27083,-0.14136,0.25533,-0.97246
214,-0.06344,0.09041,0.01961,-1e-04,0.10966,0.296,-0.66303,-0.21694,-0.09325,-0.11309,0.20232,-0.37572,0.28234,-0.85874
215,-0.09802,-0.16604,-0.01898,0.11047,-0.27724,0.44039,-0.66303,0.13967,0.23803,-0.03401,0.63318,-0.52046,0.2209,-1.02978
216,0.18997,0.66741,0.27075,0.31345,-0.48632,0.296,-0.67828,0.02929,0.54204,0.26165,0.64462,-0.62727,0.32077,-0.89661
217,0.15539,0.57124,0.29014,0.27659,-0.60454,0.24681,-0.76263,0.11038,0.55953,0.15603,0.78628,-0.73458,0.30512,-1.08623
218,0.28218,0.47508,0.38672,0.51642,-0.51563,0.19921,-0.755,0.21659,0.55846,0.23576,0.74117,-0.67684,0.07447,-0.97646
219,0.07471,0.34685,0.07107,0.01859,-0.66414,0.3436,-0.80099,0.27645,0.42968,0.34265,0.787,-0.71387,0.15927,-1.10228
220,0.07471,0.47508,0.14844,0.20287,-0.48632,0.73075,-0.80862,0.29585,0.62101,0.33137,0.86541,-0.62469,0.13942,-1.04924
221,0.02877,0.25069,0.14192,-0.12935,-0.51563,0.15002,-0.78562,0.29329,0.43889,0.20889,0.72392,-0.2092,0.23468,-1.00238
222,0.14387,-0.19762,0.10985,-0.11067,0.13897,0.24681,-0.755,0.34568,0.55794,0.18897,0.4789,-0.00422,0.10929,-0.95043
223,0.08623,0.50713,0.09046,0.42453,0.13897,0.44039,-0.79325,0.07643,0.41294,-0.10094,0.56786,0.08848,0.53727,-1.01881
224,-1.22726,0.47508,-1.27451,0.27659,0.43696,1.02112,-0.78562,-0.55711,0.33294,-0.70034,0.57495,0.01123,0.55955,-0.8726
225,-2.61008,1.14825,-2.79423,0.94105,-0.24793,0.53717,-0.77026,-1.13961,0.53711,-1.36215,0.63695,-0.01736,0.46682,-0.97812
226,-3.58948,2.30178,-3.61198,1.73425,0.16926,0.77835,-0.76263,-1.63735,0.52554,-1.97322,0.65765,0.08859,0.36388,-0.90444
227,-3.90069,2.36589,-4.16572,2.1215,0.22788,0.48957,-0.70901,-1.92174,0.51972,-2.2155,0.59514,-0.23597,0.48873,-0.70679
228,-3.86611,2.33384,-4.02403,1.89984,-0.54494,0.48957,-0.63992,-2.25228,0.36444,-2.38385,0.57356,-0.38143,0.33584,-0.73817
229,-3.80848,2.36589,-3.9597,2.0291,-0.69443,0.3436,-0.50196,-2.26804,0.34507,-2.49808,0.60803,-0.14271,0.57622,-0.95773
230,-3.42811,1.43627,-3.58607,1.36516,-0.72374,0.82754,-0.31039,-1.85992,0.17834,-1.96595,0.39048,-0.30221,0.28649,-0.88481
231,-2.58703,0.50713,-2.63314,0.49825,-0.99144,0.68156,-0.40236,-1.56904,-0.02774,-1.65243,0.24017,-0.4768,0.33198,-0.67996
232,-1.331,-0.13398,-1.15873,-0.05512,-0.36713,0.39278,-0.39462,-1.10186,-0.32211,-1.05918,-0.02034,-0.04339,0.45999,-0.72443
233,-0.01733,0.0263,0.02613,0.05545,0.16926,0.05323,-0.54032,-0.80568,-0.45554,-0.83255,-0.127,0.03129,0.3372,-0.77186
234,0.08623,-0.16604,-0.02551,-0.09198,0.22788,0.10242,-0.53269,-0.31415,-0.65843,-0.28877,-0.32683,0.1,0.22182,-0.87041
235,-0.10954,-0.3579,-0.1027,-0.31364,0.16926,0.05323,-0.51733,-0.18638,-0.63986,-0.33724,-0.47722,0.11934,0.08463,-0.85244
236,-0.1787,-0.3579,-0.21214,-0.36866,0.01977,0.39278,-0.51733,-0.00936,-0.66926,-0.31216,-0.52429,-0.00478,0.20657,-0.89797
237,-0.16717,-0.77462,-0.14129,-0.83015,-0.06914,0.39278,-0.55569,-0.18998,-0.49601,-0.11674,-0.26529,-0.14598,0.13154,-0.9882
238,0.29371,0.34685,0.38672,0.22156,-0.24793,0.3436,-0.61693,-0.05708,0.02741,-0.22091,0.22277,-0.49124,0.28593,-0.89824
239,0.47813,0.69947,0.6442,0.64567,-0.72374,0.44039,-0.58631,-0.03635,0.23004,0.11536,0.53499,-0.51964,0.23729,-0.77581
240,0.51271,0.79564,0.66993,0.90367,-1.05104,-0.09116,-0.6093,0.09148,0.44699,0.14181,0.905,-0.41551,0.03501,-0.84003
241,0.66238,1.30853,0.79224,1.05162,-0.54494,0.296,-0.61693,0.03475,0.50261,0.16424,0.66837,-0.67461,0.15915,-0.97351
242,0.35134,0.66741,0.50903,0.66384,-0.42672,0.73075,-0.66303,0.11916,0.61389,0.29311,0.85132,-0.89665,0.2412,-1.149
243,0.52424,0.79564,0.69566,0.90367,-0.63483,0.48957,-0.59394,0.17742,0.63115,0.27934,0.82645,-0.70953,0.04023,-0.965
244,0.53576,0.85975,0.56049,0.60882,-0.33684,0.44039,-0.65529,0.29455,0.63753,0.45607,0.7861,-0.64143,0.08024,-1.11887
245,0.23608,0.0263,0.32221,0.14785,-0.60454,0.19921,-0.72427,0.3829,0.47143,0.30146,0.48378,-0.20885,0.19641,-0.87492
246,0.6395,0.6033,0.65707,0.07362,-0.00954,0.296,-0.70901,0.08014,0.34998,0.11974,0.58123,-0.17737,0.3394,-1.08115
247,0.58187,0.57124,0.56049,0.60882,0.43696,0.58478,-0.67066,-0.10891,0.55008,-0.24189,0.68766,0.21292,0.26654,-0.92823
248,-0.43228,0.76358,-0.63071,0.47956,0.22788,1.06872,-0.66303,-0.47989,0.38337,-0.50741,0.50074,0.00899,0.34389,-1.01076
249,-1.74577,0.57124,-1.88624,0.31345,0.25816,1.21311,-0.67066,-1.27152,0.56436,-1.45524,0.70585,0.24544,0.47755,-1.05546
250,-2.37955,0.41097,-2.53022,0.3503,0.05006,1.02112,-0.74726,-1.83699,0.52609,-1.67956,0.76645,-0.09772,0.53615,-1.02496
251,-2.61008,0.3148,-2.81996,0.0923,0.31776,0.82754,-0.69365,-1.92733,0.48214,-1.95952,0.54319,0.09165,0.40187,-0.92247
252,-2.7945,0.34685,-2.86508,0.29528,-0.42672,0.77835,-0.67066,-2.07424,0.39981,-2.28351,0.53163,-0.15518,0.27282,-0.84421
253,-2.61008,0.41097,-2.76198,0.03676,-0.06914,1.11632,-0.56332,-2.32927,0.48349,-2.2827,0.5705,-0.32143,0.36278,-0.84443
254,-1.88409,0.3148,-1.96361,0.01859,-0.00954,0.92433,-0.6323,-1.82961,0.21658,-1.92478,0.43147,-0.37451,0.37355,-0.74841
255,-1.31947,0.18658,-1.35188,-0.16621,0.22788,1.02112,-0.74726,-1.53328,0.01349,-1.52267,0.12144,-0.32263,0.25556,-0.72999
256,-0.51279,-0.10193,-0.52127,-0.03695,-0.06914,0.82754,-0.76263,-0.97235,-0.23291,-1.05256,-0.0183,-0.04959,0.34804,-0.8748
257,0.2015,0.21863,0.07107,-0.01827,1.00168,0.77835,-0.73964,-0.60696,-0.37077,-0.74035,-0.28778,0.05122,0.22635,-0.82424
258,0.07471,-0.19762,0.0004,-0.25809,0.61478,0.63396,-0.86234,-0.1372,-0.58679,-0.37856,-0.37292,0.09295,0.2288,-0.77261
259,-0.07496,-0.3579,-0.10922,-0.36866,0.31776,0.58478,-0.90833,-0.1931,-0.64705,-0.47055,-0.47393,0.22455,0.21015,-0.78923
260,-0.12107,-0.29378,-0.19294,-0.36866,0.19857,0.44039,-0.93895,-0.30101,-0.59184,-0.474,-0.30214,0.12589,0.2534,-0.86432
261,-0.15565,-0.06987,-0.14129,-0.57164,0.43696,1.11632,-1.00793,-0.33089,-0.49071,-0.42323,-0.22144,-0.25286,0.30151,-0.86937
262,-0.20175,-0.32584,-0.19928,-0.25809,-0.09942,0.82754,-1.03092,-0.18087,0.04898,-0.0527,0.147,-0.45013,0.2773,-0.95849
263,0.15539,0.50713,0.27075,0.47956,-0.24793,0.24681,-1.0233,0.09877,0.31155,0.25479,0.27595,-0.41771,0.07577,-0.91932
264,0.17845,0.34685,0.30301,0.46139,-0.54494,0.3436,-1.03866,0.24073,0.39669,0.06928,0.63538,-0.44927,0.36324,-0.96455
265,0.28218,0.66741,0.39959,0.60882,-0.51563,0.24681,-1.0999,0.30582,0.53608,0.17413,0.73646,-0.65815,0.1305,-1.06217
266,-0.05191,0.37891,0.15479,0.4427,-0.69443,0.39278,-1.06928,0.11693,0.49232,0.1839,0.67064,-0.75245,0.20315,-0.89649
267,-0.02886,0.34685,0.11619,0.31345,-0.60454,0.39278,-1.14589,0.25591,0.50812,0.23232,0.65628,-0.75495,0.26785,-0.98494
268,0.13234,0.28274,0.14844,0.11047,-0.48632,0.48957,-1.14589,0.34881,0.62011,0.23533,0.80207,-0.55362,0.10128,-0.96322
269,0.08623,0.28274,0.04534,-0.11067,0.19857,0.68156,-1.16126,0.17954,0.34506,0.3864,0.75174,-0.24409,0.30164,-0.9412
270,0.06335,-0.26173,0.03248,-0.38735,0.25816,0.63396,-1.19962,0.24219,0.38882,0.14155,0.51976,-0.05342,0.30724,-1.0184
271,0.36287,0.53919,0.19356,0.31345,0.55518,0.63396,-1.25323,0.06532,0.43342,-0.11117,0.78778,0.07998,0.42424,-1.04577
272,-1.38863,0.69947,-1.69308,0.46139,0.25816,0.82754,-1.25323,-0.37865,0.42316,-0.80383,0.54042,-0.02888,0.2551,-0.86057
273,-2.67924,0.18658,-2.86508,-0.16621,0.19857,1.02112,-1.25323,-1.13378,0.45234,-1.32785,0.48153,0.02824,0.52114,-0.97409
274,-3.41658,0.66741,-3.70204,0.07362,0.61478,0.87514,-1.18425,-1.70156,0.51648,-1.95701,0.57832,0.14397,0.53042,-0.87339
275,-3.71627,0.82769,-4.01116,0.7931,0.31776,0.77835,-1.13064,-2.06047,0.42934,-2.08406,0.62135,0.00753,0.46582,-1.06097
276,-4.23478,0.69947,-4.36522,-0.01827,-0.18833,1.21311,-1.1229,-2.15205,0.23348,-2.42494,0.62156,-0.35807,0.33723,-0.89445
277,-4.09647,0.66741,-4.2623,0.23973,-0.51563,0.82754,-0.82398,-2.09467,0.36628,-2.18217,0.49746,-0.4192,0.40692,-0.80856
278,-3.50879,0.50713,-3.66344,0.01859,-0.18833,0.92433,-0.82398,-1.83401,0.22002,-2.08832,0.46897,-0.31511,0.34823,-0.79661
279,-2.77145,-0.03782,-2.80057,-0.29495,-0.27724,0.77835,-0.92358,-1.45787,0.1747,-1.53508,0.055,-0.28777,0.4137,-0.65279
280,-1.48084,-0.13398,-1.36475,-0.05512,0.31776,0.82754,-0.84698,-0.95063,-0.21541,-1.09451,0.02268,-0.16485,0.42871,-0.66189
281,-0.01733,0.25069,-0.08331,0.18471,0.43696,0.44039,-0.81624,-0.75705,-0.32074,-0.76677,-0.24633,-0.02046,0.2655,-0.8782
282,0.0403,-0.26173,0.00675,-0.22124,0.28748,0.3436,-0.96957,-0.23549,-0.45549,-0.27315,-0.40166,0.07318,0.16308,-0.91081
283,-0.05191,-0.45406,0.0004,-0.36866,-0.06914,-0.04356,-0.96194,-0.17789,-0.69439,-0.37292,-0.50186,0.18206,0.2697,-0.80122
284,-0.16717,-0.45406,-0.11556,-0.38735,-0.18833,0.10242,-0.91596,-0.23448,-0.59149,-0.36763,-0.46861,0.06352,0.39001,-0.73455
285,0.12081,0.41097,0.23216,0.5351,-0.57523,0.10242,-0.88533,-0.2741,-0.4831,-0.02896,-0.3238,-0.11968,0.28843,-1.02702
286,0.29371,0.6033,0.41879,0.64567,-0.69443,0.10242,-1.0003,-0.09939,-0.03151,-0.07133,0.14629,-0.33249,0.29635,-0.90242
287,0.25913,0.63536,0.43166,0.22156,-0.81362,0.3436,-1.05392,0.02856,0.21041,0.05634,0.59212,-0.67107,0.31398,-0.87178
288,0.62797,1.05208,0.72792,0.81179,-0.57523,0.39278,-1.06928,0.13264,0.47182,0.22031,0.61288,-0.5415,0.26977,-0.9139
289,0.52424,1.18031,0.67646,0.7931,-0.54494,0.48957,-1.15363,0.10558,0.56821,0.14269,0.85661,-0.80119,-0.01707,-1.01841
290,0.22455,0.37891,0.42532,0.42453,-0.63483,0.3436,-1.16888,0.07998,0.59214,0.15602,0.77199,-0.90668,0.14417,-1.15784
291,0.28218,0.3148,0.3416,0.25842,-0.45604,0.82754,-1.22261,0.2383,0.54397,0.3262,0.71965,-0.93715,0.22291,-0.97529
292,0.48966,0.73152,0.49616,0.71939,-0.60454,0.68156,-1.25323,0.31837,0.52051,0.23676,0.70075,-0.57947,0.05006,-0.95858
293,0.38592,0.73152,0.49616,0.3503,-0.45604,0.39278,-1.28396,0.23238,0.22579,0.32879,0.73944,-0.45365,0.25704,-0.97079
294,0.52424,0.50713,0.53476,0.40585,0.22788,0.58478,-1.2456,0.24732,0.35928,0.27575,0.60086,-0.03282,0.27637,-1.01035
295,0.50118,0.76358,0.52189,0.75624,0.37736,0.63396,-1.28396,-0.05314,0.44706,-0.05936,0.58146,0.19982,0.42094,-1.00366
296,-1.19268,1.34058,-1.27451,0.9779,0.37736,0.87514,-1.2686,-0.41751,0.39319,-0.77079,0.56297,-0.01967,0.24665,-0.92835
297,-2.5755,1.50038,-2.67192,1.40202,-0.03983,1.06872,-1.20724,-1.21312,0.47603,-1.36476,0.56373,0.10793,0.52245,-0.99806
298,-3.57795,2.26972,-3.88885,2.01093,0.05006,0.92433,-1.23024,-1.84241,0.59656,-1.83006,0.72599,0.11445,0.5047,-0.93557
299,-3.92374,2.65439,-4.16572,2.39819,0.10966,0.48957,-1.16888,-2.05384,0.51304,-2.30155,0.69746,0.05493,0.49406,-0.91229
300,-4.39615,2.52617,-4.52631,2.41635,-0.69443,0.39278,-1.13826,-2.38482,0.43773,-2.48504,0.56231,-0.32496,0.22925,-0.86835
301,-4.09647,2.52617,-4.15286,2.67487,-0.39644,0.48957,-0.83935,-2.27397,0.40367,-2.09541,0.38626,-0.40003,0.31265,-0.79655
302,-3.52032,2.04533,-3.67631,1.7711,-0.12873,0.92433,-0.90059,-1.79908,0.09399,-2.17299,0.38139,-0.25581,0.43216,-0.75197
303,-2.65619,0.85975,-2.81344,0.64567,-0.00954,1.06872,-0.94658,-1.4624,-0.03333,-1.76611,0.24901,-0.38036,0.44609,-0.78245
304,-1.331,0.15452,-1.31329,-0.03695,0.25816,0.87514,-0.90833,-1.12926,-0.24034,-1.06966,0.07172,-0.29968,0.44808,-0.83719
305,0.06335,-0.26173,-0.08983,-0.55347,1.00168,1.16551,-0.89296,-0.63621,-0.4051,-0.801,-0.16848,-0.01161,0.25234,-0.8123
306,0.09776,-0.22967,-0.03185,-0.38735,0.76426,0.73075,-0.92358,-0.19897,-0.45936,-0.35796,-0.43295,0.22061,0.23944,-0.96384
307,0.05183,-0.22967,-0.01898,-0.36866,0.46627,0.68156,-0.96194,-0.3445,-0.6788,-0.35138,-0.21919,0.19105,0.28069,-0.99183
308,-0.0058,-0.19762,-0.14782,-0.38735,0.73397,0.87514,-0.98494,-0.34088,-0.60101,-0.20765,-0.3912,-0.0358,0.11372,-0.89236
309,0.25913,0.05835,0.30935,0.01859,-0.06914,0.82754,-1.05392,-0.34203,-0.40943,-0.20656,-0.16207,-0.18508,0.08716,-0.88109
310,0.25913,0.21863,0.39306,0.25842,-0.54494,0.63396,-1.09228,-0.05237,-0.14584,-0.06356,0.11773,-0.35945,0.27303,-0.86731
311,0.44355,0.76358,0.41245,0.57196,-0.27724,0.68156,-1.0999,0.03839,0.25987,0.15265,0.43063,-0.50725,0.23039,-0.9501
312,0.44355,0.53919,0.61195,0.59013,-0.36713,0.53717,-1.09228,0.01567,0.3901,0.28653,0.6843,-0.44645,0.12856,-0.98086
313,0.68543,1.02003,0.86962,1.03293,-0.51563,0.44039,-1.06928,-0.09333,0.42249,0.14761,0.76964,-0.77477,0.23257,-0.98119
314,0.68543,0.66741,0.79224,0.82996,-0.81362,0.15002,-1.00793,0.04868,0.59846,0.28731,0.69335,-0.87937,0.24676,-1.02028
315,0.51271,0.53919,0.68932,0.47956,-0.63483,0.05323,-0.97731,0.27406,0.5835,0.24215,0.72917,-0.80157,0.17654,-1.0519
316,0.81222,1.18031,0.94681,0.92236,-0.45604,0.39278,-1.03092,0.28067,0.40784,0.38778,0.72203,-0.57823,0.13539,-0.98368
317,0.75459,1.08414,0.92108,0.84865,-0.45604,0.296,-1.01556,0.38125,0.4132,0.40122,0.70761,-0.27501,0.24739,-0.97549
318,0.66238,0.57124,0.8245,0.3503,-0.24793,0.15002,-0.97731,0.30643,0.23624,0.21087,0.60891,0.08583,0.18222,-1.13535
319,0.95054,0.76358,0.8245,0.55327,0.40667,0.44039,-0.96957,-0.02991,0.49966,-0.2697,0.67945,0.1412,0.26909,-0.88303
320,-0.96232,0.82769,-0.9913,1.08847,-0.06914,0.87514,-0.96194,-0.51794,0.32867,-0.71,0.6001,0.03754,0.42822,-1.0463
321,-2.59855,0.82769,-2.77484,0.51642,0.19857,1.16551,-0.93132,-1.30746,0.46832,-1.44737,0.62392,0.16858,0.66623,-1.03628
322,-2.42566,1.05208,-2.49797,1.06979,0.37736,0.92433,-0.755,-1.79557,0.56982,-1.96242,0.74393,0.15898,0.50592,-0.91911
323,-3.57795,2.26972,-3.95318,2.17653,0.46627,0.92433,-0.70128,-2.06642,0.52796,-2.16817,0.59638,-0.01178,0.32254,-0.96751
324,-4.11952,2.01328,-4.26865,1.91853,-0.24793,0.73075,-0.71664,-2.22899,0.42141,-2.39509,0.55599,-0.30462,0.32331,-0.86569
325,-3.1747,1.50038,-3.19341,1.75241,-0.42672,0.77835,-0.55569,-2.22817,0.25839,-2.29948,0.56194,-0.39914,0.46708,-0.83628
326,-3.26691,1.59655,-3.28347,1.60499,-0.45604,0.53717,-0.45598,-1.94305,0.3145,-2.03253,0.41219,-0.55358,0.31525,-0.67749
327,-1.46931,0.41097,-1.40334,0.11047,-0.60454,0.63396,-0.47134,-1.49623,0.059,-1.69703,0.22633,-0.62812,0.36886,-0.68322
328,-0.53585,-0.19762,-0.53413,-0.25809,-0.18833,0.58478,-0.44061,-1.02461,-0.34153,-1.13328,-0.09976,-0.20208,0.33,-0.72321
329,0.0403,-0.38995,-0.07697,-0.57164,0.70466,0.87514,-0.52496,-0.74094,-0.3909,-0.71172,-0.31034,0.02051,0.2332,-0.88646
330,0.08623,-0.58229,-0.08983,-0.81146,0.88346,0.87514,-0.62467,-0.3124,-0.49848,-0.56712,-0.26239,0.01026,0.19846,-0.75706
331,0.01725,-0.61434,-0.13495,-0.79329,0.82386,0.92433,-0.67066,-0.35249,-0.65532,-0.38961,-0.54249,0.24479,0.14199,-0.82637
332,-0.09802,-0.61434,-0.17989,-0.81146,0.46627,1.06872,-0.6323,-0.1049,-0.49275,-0.39767,-0.43925,-0.11011,0.20998,-0.86031
333,-0.02886,-0.71051,-0.05124,-0.88518,0.37736,0.58478,-0.70128,-0.27053,-0.5379,-0.19034,-0.2157,-0.12625,0.08477,-0.84277
334,0.35134,0.18658,0.37386,-0.11067,-0.12873,0.73075,-0.69365,-0.03185,-0.01385,-0.20083,0.13991,-0.43837,0.10276,-0.98213
335,0.38592,0.44302,0.47678,0.16602,-0.30753,0.48957,-0.70901,0.03305,0.20457,0.17317,0.43801,-0.66824,0.30205,-1.09617
336,0.6395,0.82769,0.79224,0.66384,-0.69443,0.19921,-0.72427,0.11691,0.48539,0.02696,0.59759,-0.48772,0.2376,-0.92846
337,0.68543,0.57124,0.85675,0.68253,-0.60454,0.15002,-0.74726,0.0903,0.58693,0.06502,0.52443,-0.8818,0.15084,-1.04271
338,0.39745,0.73152,0.61195,0.64567,-0.78334,0.39278,-0.76263,0.26088,0.53462,0.13403,0.67985,-0.82983,0.21601,-1.07551
339,0.50118,0.50713,0.6442,0.68253,-0.72374,0.24681,-0.77799,0.23153,0.58919,0.30082,0.78024,-0.74399,-0.08346,-1.06415
340,0.6395,0.8918,0.77304,0.7931,-0.48632,0.24681,-0.80862,0.27045,0.41759,0.27849,0.75373,-0.72063,0.22212,-1.09933
341,0.58187,0.63536,0.56701,0.66384,-0.57523,0.19921,-0.82398,0.30561,0.40964,0.43237,0.71155,-0.44315,0.22867,-1.09256
342,0.68543,0.57124,0.79877,0.20287,-0.27724,0.296,-0.83935,0.2996,0.28884,0.12446,0.52724,-0.12809,0.18271,-0.92793
343,0.68543,0.57124,0.67646,0.25842,0.19857,0.39278,-0.8546,-0.02077,0.29445,-0.17841,0.5078,0.09443,0.47726,-1.01729
344,-1.35405,1.59655,-1.4356,1.5863,0.13897,0.39278,-0.73964,-0.43821,0.22141,-0.7258,0.5199,0.16735,0.42689,-0.99272
345,-0.20175,0.92386,-0.12209,0.73808,-0.15902,0.296,-0.80862,-1.04233,0.49895,-1.47266,0.55251,0.0078,0.50426,-1.01766
346,0.23608,0.76358,0.18052,0.77493,-0.09942,0.24681,-0.77799,-1.79986,0.45846,-1.85668,0.72878,0.14502,0.57674,-0.92625
347,-0.29396,0.47508,-0.36018,0.66384,0.28748,0.53717,-0.78562,-2.09504,0.42188,-2.23348,0.65765,-0.08227,0.51058,-0.91731
348,-0.85859,0.28274,-0.89472,0.07362,-0.03983,0.68156,-0.84698,-2.15918,0.30788,-2.4189,0.51032,-0.38516,0.22227,-0.77194
349,-1.52694,0.3148,-1.60937,-0.05512,-0.39644,0.77835,-0.80099,-2.20851,0.2226,-2.21026,0.58472,-0.41721,0.36429,-0.88057
350,-1.53847,0.47508,-1.46133,0.47956,-0.39644,0.92433,-0.67828,-1.76928,0.20515,-1.8803,0.5036,-0.57071,0.3128,-0.94346
351,-2.41413,-0.06987,-2.39505,-0.16621,-0.12873,1.3099,-0.70128,-1.51099,-0.01134,-1.68056,0.16808,-0.38183,0.24159,-0.77213
352,-0.53585,-0.26173,-0.59846,-0.40604,0.10966,1.21311,-0.59394,-1.06199,-0.28155,-1.11099,0.05919,-0.19379,0.35251,-0.91671
353,0.07471,-0.29378,-0.01264,-0.40604,0.52587,0.73075,-0.64766,-0.62942,-0.40456,-0.76874,-0.17837,0.01218,0.26464,-0.82078
354,0.12081,-0.32584,0.09046,-0.42421,0.49656,0.39278,-0.64766,-0.37685,-0.55272,-0.37254,-0.54936,0.07582,0.22956,-0.83808
355,0.10929,-0.32584,0.03248,-0.46106,0.58547,0.77835,-0.67066,-0.29449,-0.5991,-0.54248,-0.35276,0.1459,0.11009,-0.85129
356,0.02877,-0.29378,-0.02551,-0.4429,0.64506,0.92433,-0.67066,-0.30061,-0.67453,-0.33005,-0.33777,0.00629,0.28365,-0.88866
357,0.01725,-0.22967,-0.05758,-0.36866,0.31776,0.92433,-0.6323,-0.22114,-0.48361,-0.34494,-0.3426,-0.13184,0.14868,-0.82812
358,0.06335,0.12246,0.05821,0.07362,-0.06914,0.68156,-0.65529,-0.14709,0.0813,-0.14218,0.10817,-0.57979,0.40489,-1.02416
359,0.38592,0.92386,0.48964,0.7931,-0.51563,0.44039,-0.67828,-0.06371,0.16437,0.07656,0.53157,-0.51965,0.19788,-0.8608
360,0.36287,0.57124,0.55415,0.92236,-0.54494,0.296,-0.71664,0.15465,0.38036,0.28847,0.65031,-0.49764,0.09447,-0.99107
361,0.38592,0.76358,0.5411,0.92236,-1.02173,-0.18795,-0.72427,0.14364,0.25009,0.22717,0.61649,-0.66325,0.13033,-1.00812
362,0.21302,0.53919,0.58622,0.77493,-1.37834,-0.33234,-0.80862,0.30622,0.52033,0.2233,0.62252,-0.83751,0.07604,-1.13361
363,0.22455,0.37891,0.32874,0.86681,-0.81362,-0.04356,-0.76263,0.18725,0.47805,0.21248,0.68598,-0.81824,0.18793,-1.14361
364,0.28218,0.44302,0.50903,0.60882,-1.05104,-0.09116,-0.76263,0.19119,0.54739,0.31331,0.54766,-0.73921,0.17716,-1.07112
365,0.13234,-0.03782,0.21929,0.01859,-0.48632,0.05323,-0.83935,0.33663,0.28492,0.21419,0.75008,-0.3201,0.25222,-0.99042
366,0.06335,-0.03782,0.11619,0.05545,-0.36713,-0.09116,-0.81624,0.12517,0.39442,0.12349,0.44492,-0.11385,0.38804,-0.92635
367,0.45508,0.6033,0.39306,0.42453,-0.30753,-0.09116,-0.80862,0.02829,0.42319,-0.20029,0.52216,0.12935,0.29725,-0.95422
368,-0.47839,0.6033,-0.32811,0.64567,-0.75403,0.05323,-0.74726,-0.53699,0.19265,-0.73856,0.39175,0.09896,0.488,-0.89749
369,-1.73425,0.34685,-1.69308,0.16602,-1.02173,0.19921,-0.8546,-1.13068,0.4408,-1.47862,0.53958,-0.0252,0.41338,-0.95451
370,-2.5294,-0.19762,-2.56882,0.16602,-0.00954,0.68156,-0.8776,-1.789,0.47601,-2.02677,0.63344,-0.08555,0.32972,-0.77495
371,-2.86349,-0.32584,-3.05171,-0.31364,0.16926,0.53717,-0.86997,-2.16145,0.63095,-2.32542,0.76827,-0.12175,0.42522,-0.9801
372,-3.1747,-0.29378,-3.28347,-0.20307,-0.54494,0.39278,-0.76263,-2.1523,0.19821,-2.31752,0.64063,-0.31583,0.32184,-0.9329
373,-3.43964,0.18658,-3.44455,0.01859,-0.93184,0.3436,-0.65529,-2.20004,0.15017,-2.27483,0.51094,-0.5373,0.44695,-0.79846
374,-2.75992,-0.10193,-2.85855,-0.11067,-0.51563,0.48957,-0.68602,-1.83246,0.1143,-2.09481,0.45201,-0.41806,0.37239,-0.95777
375,-1.56152,0.0263,-1.46133,-0.18438,-0.69443,0.44039,-0.69365,-1.55281,-0.0618,-1.6938,0.19316,-0.3761,0.30477,-0.77707
376,-1.00843,-0.22967,-1.01703,-0.23992,-0.21764,0.63396,-0.68602,-0.83091,-0.38139,-1.05644,-0.04417,-0.14285,0.10384,-0.86224
377,-0.05191,-0.19762,-0.14782,-0.33181,0.49656,0.53717,-0.68602,-0.55668,-0.35685,-0.79016,-0.33785,-0.096,0.3921,-0.86214
378,0.02877,-0.22967,-0.02551,-0.25809,0.25816,0.19921,-0.78562,-0.27046,-0.6934,-0.32541,-0.47978,0.20316,0.14584,-0.87799
379,0.0403,-0.16604,0.03248,-0.18438,0.25816,0.296,-0.84698,-0.31091,-0.62235,-0.49077,-0.45405,0.10152,0.2509,-0.79875
380,-0.1326,-0.29378,-0.08983,-0.20307,-0.27724,0.05323,-0.88533,-0.28504,-0.48135,-0.37906,-0.52737,0.0334,0.07914,-1.01653
381,0.09776,-0.32584,0.17417,-0.38735,-0.42672,0.15002,-0.90059,-0.10648,-0.4965,-0.45117,-0.15143,-0.2391,0.21178,-0.94776
382,0.48966,0.50713,0.60561,0.5351,-0.27724,0.24681,-0.94658,-0.02882,-0.01963,-0.06068,0.19297,-0.53742,0.09054,-0.90025
383,0.62797,1.27647,0.77304,1.12533,-0.33684,0.19921,-1.01556,0.18845,0.11871,0.04727,0.31385,-0.55334,0.20953,-0.78666
384,0.68543,0.92386,0.74731,0.86681,-0.36713,0.48957,-1.01556,0.08785,0.50405,0.31247,0.71181,-0.6455,0.2252,-1.00909
385,0.67391,1.18031,0.77304,1.2359,-0.36713,0.77835,-1.0999,0.06869,0.45198,0.25718,0.61523,-0.73638,0.2943,-1.08512
386,0.5934,1.21236,0.79224,0.7931,-0.63483,0.44039,-1.0999,-0.0363,0.53626,0.2836,0.75477,-0.88015,0.23409,-1.07556
387,0.29371,0.76358,0.52824,0.51642,-0.87322,0.296,-1.13064,0.20278,0.48055,0.26675,0.62262,-0.84412,0.33769,-0.97847
388,0.36287,0.85975,0.59909,0.9779,-0.78334,0.296,-1.14589,0.18045,0.44526,0.37452,0.70868,-0.54443,0.08797,-1.11116
389,0.52424,0.66741,0.6442,0.60882,-0.18833,0.48957,-1.15363,0.31113,0.47348,0.32751,0.56275,-0.31988,0.22217,-0.96164
390,0.4666,0.41097,0.52824,0.11047,-0.21764,0.3436,-1.19962,0.32561,0.25466,0.21239,0.6594,-0.15852,0.33248,-1.15438
391,0.6395,0.63536,0.71505,0.68253,0.05006,0.296,-1.20724,0.11548,0.38948,-0.19219,0.57815,0.00946,0.40288,-1.10609
392,-1.30794,0.6033,-1.31329,0.49825,-0.63483,0.58478,-1.19188,-0.49004,0.25325,-0.7239,0.40222,0.04196,0.31273,-0.99835
393,-2.78298,-0.16604,-2.7685,-0.14752,-0.66414,0.48957,-1.11527,-1.19277,0.5989,-1.49433,0.50233,0.06956,0.41271,-0.86484
394,-3.56643,0.66741,-3.66978,0.20287,-0.60454,0.44039,-1.01556,-1.63126,0.41725,-2.01697,0.71435,0.14389,0.41993,-1.02878
395,-3.96968,0.69947,-4.09488,0.49825,-0.39644,0.3436,-0.95431,-2.13881,0.4751,-2.13572,0.61981,-0.12211,0.46061,-0.91185
396,-4.18868,0.3148,-4.39095,-1e-04,-0.84293,0.44039,-0.93132,-2.28713,0.13134,-2.38993,0.49307,-0.21574,0.34055,-0.91342
397,-4.05036,0.3148,-4.09488,-0.20307,-0.66414,0.58478,-0.67066,-2.2537,0.33559,-2.1384,0.56555,-0.44144,0.40652,-0.78653
398,-3.47422,0.21863,-3.63119,0.20287,-0.78334,0.53717,-0.64766,-1.8742,0.21128,-2.19597,0.47735,-0.45955,0.29692,-0.76129
399,-2.58703,-0.03782,-2.74911,-0.25809,-0.66414,0.82754,-0.70128,-1.6412,0.08214,-1.78732,0.10473,-0.35934,0.50493,-0.7938
400,-0.9969,-0.06987,-1.00416,-0.16621,-0.30753,0.63396,-0.67066,-1.10877,-0.27835,-1.07828,-0.13265,-0.24286,0.29314,-0.78881
401,0.01725,0.0263,-0.07697,-0.11067,0.55518,0.73075,-0.6323,-0.55134,-0.37102,-0.79356,-0.36165,0.00999,0.14338,-0.76526
402,0.14387,-0.10193,0.05821,-0.18438,0.49656,0.44039,-0.72427,-0.32734,-0.58001,-0.50223,-0.43385,0.20282,0.3403,-0.9747
403,-0.0058,-0.29378,-0.00612,-0.29495,0.13897,0.296,-0.83935,-0.29663,-0.74284,-0.39478,-0.4353,0.075,0.28227,-0.84022
404,-0.07496,-0.22967,-0.07697,-0.36866,0.40667,0.87514,-0.83935,-0.07216,-0.70179,-0.41954,-0.50436,-0.01322,0.15549,-1.00879
405,0.27066,-0.51817,0.32874,-0.36866,-0.00954,0.296,-0.89296,-0.37903,-0.47221,-0.28587,-0.3835,-0.1457,0.29363,-0.95105
406,0.32829,0.41097,0.56701,0.14785,-0.69443,0.3436,-0.94658,-0.11012,-0.11979,-0.15474,0.25517,-0.49266,0.10562,-0.92514
407,0.51271,0.98797,0.67646,0.40585,-0.57523,0.296,-0.98494,0.05967,0.16242,0.01491,0.30207,-0.54452,0.22848,-0.93188
408,0.67391,1.02003,0.79877,0.99607,-0.18833,0.58478,-0.95431,0.13313,0.38601,0.22713,0.75071,-0.58112,0.18248,-0.97929
409,0.51271,1.18031,0.65073,1.06979,-0.36713,0.77835,-0.91596,0.05053,0.36891,0.11468,0.72891,-0.73993,0.28158,-0.93937
410,0.31676,0.6033,0.50251,0.62699,-0.69443,0.44039,-0.94658,0.08505,0.5884,0.13082,0.7047,-0.87572,0.04187,-1.10844
411,0.25913,0.79564,0.45739,0.55327,-0.87322,0.19921,-0.81624,0.30171,0.42054,0.23937,0.76284,-0.76909,0.21419,-1.18367
412,0.2476,0.53919,0.3416,0.7931,-1.05104,0.05323,-0.79325,0.20956,0.49459,0.43481,0.72524,-0.68659,0.17564,-0.89499
413,0.2476,0.66741,0.50903,0.70122,-0.60454,0.10242,-0.83161,0.20158,0.52236,0.32663,0.73001,-0.42036,0.17674,-1.14564
414,0.39745,0.12246,0.42532,0.01859,-0.42672,0.10242,-0.77799,0.18465,0.38601,-0.01023,0.45431,-0.06558,0.18521,-0.99263
415,0.52424,0.50713,0.50251,0.33213,0.19857,0.53717,-0.83935,-0.12197,0.2994,-0.20772,0.66352,0.04485,0.54071,-0.95678
416,-0.23633,0.34685,-0.07044,0.40585,0.07937,0.68156,-1.03866,-0.56795,0.33725,-0.75663,0.55781,-0.02133,0.39979,-0.91432
417,-0.29396,-0.10193,-0.21867,-0.05512,-0.00954,0.44039,-1.10764,-1.37517,0.54863,-1.44602,0.72164,0.05504,0.38501,-1.00753
418,-0.92774,-0.10193,-0.99764,-0.03695,-0.00954,0.73075,-1.01556,-1.71941,0.58306,-2.08256,0.68653,0.01469,0.39948,-0.95133
419,-1.55,-0.22967,-1.71247,-0.29495,0.16926,0.68156,-0.97731,-1.96469,0.57868,-2.22894,0.58884,-0.25614,0.27694,-0.98847
420,-3.75085,-0.51817,-3.88885,-0.12935,-0.36713,0.68156,-0.79325,-2.26749,0.26098,-2.58716,0.40965,-0.18871,0.33994,-0.91666
421,-1.56152,-0.22967,-1.53852,-0.40604,-0.39644,0.63396,-0.86997,-2.23132,0.33202,-2.47626,0.56774,-0.3733,0.26069,-0.78398
422,-1.04301,0.05835,-1.04276,-0.27678,-0.15902,0.73075,-0.90059,-1.90963,0.19673,-2.22387,0.46986,-0.50233,0.2598,-0.79379
423,-0.53585,-0.16604,-0.51474,-0.11067,-0.09942,0.82754,-0.90059,-1.5572,0.03417,-1.61231,0.25629,-0.41662,0.29092,-0.84986
424,-0.37465,0.09041,-0.38609,-0.05512,0.10966,1.16551,-0.8776,-0.89652,-0.28208,-1.05176,-0.11764,-0.21915,0.34725,-0.70722
425,0.0403,0.09041,-0.08331,-0.23992,0.43696,0.73075,-0.8546,-0.62907,-0.38847,-0.72605,-0.21531,-0.06808,0.32286,-0.79619
426,0.10929,-0.06987,0.07107,-0.12935,0.34707,0.3436,-0.83935,-0.37129,-0.51288,-0.5401,-0.41854,0.14049,0.20612,-0.82501
427,0.01725,-0.06987,0.05186,-0.03695,-0.09942,0.15002,-0.95431,-0.2716,-0.65495,-0.52858,-0.5424,0.12455,0.20249,-0.8323
428,0.01725,0.05835,-0.02551,-0.05512,0.22788,0.48957,-1.00793,-0.12994,-0.61714,-0.37534,-0.45311,-0.03834,0.22993,-0.9897
429,-0.04038,-0.48612,-0.00612,-0.59032,0.13897,0.58478,-1.03092,-0.20648,-0.58278,-0.27066,-0.27841,-0.37508,0.12637,-0.86315
430,0.38592,0.3148,0.41879,0.40585,-0.18833,0.39278,-0.96194,-0.24677,-0.10525,-0.20377,0.13864,-0.37412,0.22492,-0.81086
431,0.77765,0.82769,0.81163,0.84865,-0.45604,0.3436,-0.95431,0.03481,0.12145,-0.05958,0.44289,-0.42192,0.16836,-1.06234
432,0.58187,1.18031,0.87596,1.19904,-0.78334,0.3436,-0.96957,0.15707,0.32879,0.14781,0.76414,-0.37364,0.08204,-1.02481
433,0.43203,0.92386,0.62482,0.90367,-0.63483,0.296,-1.00793,0.09195,0.41464,0.23647,0.74242,-0.72541,0.08983,-1.09997
434,0.50118,1.05208,0.57336,0.84865,-0.57523,0.44039,-1.06928,0.08544,0.43771,0.23718,0.91114,-0.73136,-0.03243,-1.01051
435,0.32829,0.47508,0.53476,0.5351,-0.42672,0.53717,-1.13064,0.19362,0.49891,0.26724,0.73291,-0.91906,0.20019,-1.2119
436,0.39745,0.82769,0.56701,0.66384,-0.69443,0.39278,-1.14589,0.41522,0.50476,0.37307,0.61457,-0.58939,-0.0146,-1.28041
437,0.62797,1.18031,0.75365,0.81179,-0.09942,0.58478,-1.21498,0.25104,0.52675,0.25695,0.64735,-0.50778,0.33863,-1.06736
438,0.47813,1.11619,0.56049,0.27659,-0.12873,0.296,-1.25323,0.19482,0.33718,0.19964,0.5427,-0.07582,0.216,-0.99423
439,0.73154,0.76358,0.59909,0.42453,0.61478,0.58478,-1.25323,-0.16057,0.42755,-0.16488,0.58626,0.1457,0.42754,-1.01334
440,-0.3516,0.76358,-0.42469,0.77493,0.61478,1.11632,-1.20724,-0.61456,0.42674,-0.72973,0.46571,0.02514,0.37725,-1.04137
441,-1.29642,0.53919,-1.397,0.23973,0.05006,0.97193,-1.18425,-1.32457,0.5511,-1.41236,0.66033,0.04407,0.33317,-1.02785
442,-2.80586,0.73152,-3.06458,0.23973,0.28748,1.02112,-1.0999,-1.72233,0.45588,-2.11315,0.75897,-0.10827,0.42932,-0.99136
443,-3.11707,0.15452,-3.56034,-0.11067,0.67437,0.77835,-1.09228,-1.97318,0.46057,-2.17971,0.65388,0.02228,0.40955,-0.94089
444,-2.18378,-0.13398,-2.33706,-0.33181,-0.12873,0.92433,-1.0233,-2.23629,0.30674,-2.3823,0.56769,-0.37225,0.33419,-1.05002
445,-2.63313,-0.26173,-2.67826,-0.09198,-0.27724,1.02112,-0.83161,-2.16761,0.13723,-2.22349,0.60791,-0.37369,0.24618,-0.84461
446,-1.00843,0.15452,-1.133,-0.07381,-0.15902,0.92433,-0.91596,-1.85512,0.15573,-2.13121,0.37291,-0.44251,0.31797,-0.72406
447,-0.68569,-0.22967,-0.68217,-0.29495,0.07937,1.02112,-0.90059,-1.5148,-0.07397,-1.6347,0.15382,-0.45408,0.357,-0.71892
448,-0.27091,-0.22967,-0.29586,-0.35049,0.07937,0.87514,-0.86234,-0.95164,-0.28018,-1.10501,0.0557,-0.24654,0.27363,-0.97069
449,0.08623,-0.29378,0.02613,-0.42421,0.46627,0.68156,-0.90059,-0.69505,-0.43334,-0.87332,-0.16872,0.12694,0.26081,-0.77492
450,0.0403,0.28274,-0.00612,0.03676,0.31776,0.53717,-0.86234,-0.11813,-0.59511,-0.37239,-0.4159,0.21209,0.08043,-0.97061
451,0.0403,-0.06987,0.039,-0.03695,0.07937,0.44039,-0.96194,-0.36143,-0.72728,-0.45484,-0.38819,0.19025,0.33961,-0.87557
452,-0.04038,-0.16604,-0.04471,-0.23992,0.07937,0.48957,-1.0003,-0.11873,-0.59328,-0.27478,-0.35771,-0.23242,0.17219,-1.02036
453,0.37439,0.05835,0.39306,-0.16621,0.34707,1.06872,-1.03092,-0.29728,-0.48765,-0.23136,-0.16857,-0.31533,0.28033,-0.99336
454,0.4666,0.66741,0.45739,0.42453,0.16926,0.73075,-0.98494,-0.09728,-0.04063,-0.0916,0.0914,-0.49108,0.18952,-0.90975
455,0.48966,0.53919,0.55415,0.5351,-0.12873,0.68156,-1.00793,-0.02875,0.15556,0.15933,0.32936,-0.55362,0.25944,-0.99285
456,0.62797,0.85975,0.67646,1.03293,-0.18833,0.68156,-1.03866,0.06767,0.39675,0.13185,0.76029,-0.50659,0.10752,-1.05476
457,0.48966,0.92386,0.63134,0.73808,-0.21764,1.06872,-1.07691,0.03941,0.34992,0.13343,0.67965,-0.62607,0.13073,-1.02698
458,0.67391,1.21236,0.79877,1.01476,-0.63483,0.39278,-1.06928,0.02214,0.4129,0.25179,0.71848,-0.746,-0.02488,-1.12721
459,0.36287,0.92386,0.49616,0.68253,-0.39644,0.44039,-1.07691,0.14012,0.56499,0.29736,0.58021,-0.69672,0.14295,-1.14238
460,0.22455,0.76358,0.3416,0.25842,-0.45604,0.63396,-1.06165,0.17692,0.45272,0.24453,0.65184,-0.67287,0.22537,-1.06978
461,0.32829,0.63536,0.39959,0.40585,-0.12873,0.53717,-1.04629,0.26185,0.36448,0.32188,0.45269,-0.32533,0.10705,-1.08836
462,0.35134,0.41097,0.39306,0.11047,0.07937,0.44039,-1.09228,0.22064,0.36151,-0.00518,0.46225,-0.0896,0.18564,-1.06127
463,0.55882,0.47508,0.47043,0.20287,0.25816,0.39278,-1.11527,-0.13886,0.37177,-0.13856,0.4103,0.14278,0.36512,-1.10648
464,-0.05191,0.82769,0.0004,0.49825,0.40667,1.06872,-1.06928,-0.59922,0.27765,-0.89482,0.43245,0.16379,0.45229,-0.89218
465,-0.40923,0.79564,-0.51474,0.60882,0.22788,0.87514,-1.01556,-1.36488,0.42324,-1.61111,0.67023,0.09031,0.33671,-1.08279
466,-1.40015,0.28274,-1.68022,-0.05512,0.43696,1.06872,-1.01556,-1.78433,0.59745,-1.77355,0.60646,0.06499,0.34927,-0.96179
467,-1.53847,0.3148,-1.80253,0.03676,0.64506,0.97193,-0.95431,-2.13933,0.48081,-2.22725,0.76244,-0.16574,0.43387,-0.98343
468,-1.82646,-0.03782,-1.91849,-0.22124,-0.15902,0.87514,-0.90059,-2.26741,0.32579,-2.38995,0.43641,-0.45464,0.36467,-0.86143
469,-1.43473,0.09041,-1.46767,-0.29495,-0.48632,0.58478,-0.755,-2.20268,0.26537,-2.19455,0.57125,-0.26775,0.30995,-0.92912
470,-1.42321,0.05835,-1.55138,-0.11067,-0.30753,0.58478,-0.67066,-1.67729,0.01696,-1.96636,0.40365,-0.45473,0.195,-0.79725
471,-0.59348,-0.10193,-0.60498,-0.07381,-0.18833,0.77835,-0.70901,-1.54793,0.03236,-1.69505,0.01304,-0.37264,0.27166,-0.78282
472,-0.19023,0.3148,-0.21214,0.18471,0.10966,0.73075,-0.70128,-1.07815,-0.21819,-1.0198,-0.00526,-0.15714,0.21098,-0.7674
473,0.17845,0.05835,0.08394,-0.11067,0.55518,0.48957,-0.76263,-0.80774,-0.44283,-0.81774,-0.33368,-0.05127,0.19269,-0.86815
474,0.09776,-0.06987,0.05821,-0.20307,0.37736,0.39278,-0.73201,-0.36839,-0.54401,-0.50721,-0.43263,0.26991,0.21635,-0.95996
475,0.06335,-0.06987,0.03248,-0.11067,0.22788,0.3436,-0.70128,-0.20328,-0.55637,-0.32167,-0.47806,0.11437,-0.00561,-1.08498
476,-0.05191,-0.03782,-0.09636,-0.16621,0.22788,0.3436,-0.66303,-0.23795,-0.53338,-0.40957,-0.49782,-0.02905,0.07981,-1.00016
477,0.06335,-0.13398,-0.02551,-0.29495,0.46627,0.87514,-0.69365,-0.09174,-0.49194,-0.26181,-0.29634,-0.19834,0.14043,-0.95666
478,0.14387,0.41097,0.18704,0.20287,-0.00954,0.58478,-0.70128,-0.14762,0.02228,-0.04814,0.09782,-0.47024,0.15421,-0.96982
479,0.28218,0.79564,0.34794,0.68253,-0.24793,0.48957,-0.78562,0.05967,0.27556,0.13451,0.23895,-0.6419,0.1575,-1.12865
480,0.55882,1.21236,0.73426,1.03293,-0.36713,0.58478,-0.81624,0.12108,0.38315,0.00505,0.67054,-0.48203,0.10887,-0.91733
481,0.60492,1.21236,0.68932,0.92236,-0.33684,0.68156,-0.73964,-0.01916,0.56299,-0.00575,0.6692,-0.75273,0.19238,-1.09022
482,0.57034,1.14825,0.65707,0.95922,-0.39644,0.39278,-0.78562,0.27594,0.56437,0.04684,0.79942,-0.91195,0.10093,-1.05885
483,0.39745,1.05208,0.59909,1.19904,-0.51563,0.39278,-0.98494,0.01118,0.56406,0.179,0.62072,-0.70307,0.16636,-1.07269
484,0.10929,0.34685,0.24502,0.38716,-0.51563,0.73075,-1.05392,0.41763,0.46601,0.24604,0.65768,-0.61483,0.16625,-1.08559
485,0.27066,0.25069,0.30935,0.60882,-0.57523,0.10242,-1.10764,0.26389,0.29965,0.15719,0.6306,-0.40354,0.06517,-0.81451
486,0.25913,0.21863,0.30301,-0.07381,-0.24793,0.296,-0.76263,0.20456,0.4165,0.11272,0.51724,-0.06338,0.18772,-0.96924
487,0.61645,0.3148,0.52189,0.38716,0.13897,0.39278,-0.755,0.05114,0.37983,-0.32117,0.7016,0.01172,0.34304,-1.07304
488,0.2476,0.6033,0.30935,0.59013,0.10966,0.58478,-0.80099,-0.57334,0.35296,-0.74001,0.32425,-0.02183,0.41735,-0.93524
489,-0.0058,0.82769,-0.09636,0.42453,0.34707,0.97193,-0.68602,-1.22527,0.43944,-1.4623,0.68379,0.11788,0.49781,-1.05336
490,0.07471,0.47508,-0.01264,0.23973,0.49656,0.97193,-0.72427,-1.78077,0.46416,-1.90096,0.5954,-0.03385,0.43706,-0.94496
491,-0.46686,0.44302,-0.59846,0.03676,0.64506,0.87514,-0.70128,-2.03846,0.49343,-2.27113,0.66345,-0.09552,0.43269,-1.02681
492,-0.32854,0.0263,-0.4439,-0.27678,0.05006,0.82754,-0.70901,-2.28508,0.40859,-2.25514,0.50521,-0.58441,0.29548,-0.95075
493,-0.29396,0.0263,-0.37957,0.05545,0.16926,0.68156,-0.74726,-2.26359,0.24453,-2.18766,0.43512,-0.3718,0.3506,-0.82665
494,-0.31702,-0.00576,-0.42469,-0.03695,-0.03983,0.82754,-0.73964,-1.76841,0.04546,-1.90914,0.4067,-0.46053,0.35113,-0.90602
495,-0.07496,0.05835,-0.18641,0.03676,0.43696,0.92433,-0.74726,-1.57395,-0.06539,-1.54836,0.2516,-0.44535,0.33023,-0.96511
496,-0.04038,0.12246,-0.0641,0.01859,0.34707,0.73075,-0.93132,-1.08081,-0.16152,-1.17014,-0.03576,-0.36795,0.36371,-0.85136
497,0.13234,-0.06987,0.03248,-0.18438,0.73397,0.58478,-0.78562,-0.78773,-0.46052,-0.73884,-0.21979,0.04709,0.24051,-0.97263
498,0.12081,-0.13398,0.04534,-0.23992,0.52587,0.48957,-0.755,-0.29804,-0.56161,-0.4474,-0.38222,0.14763,0.14289,-0.86042
499,0.2015,0.09041,0.14844,-0.05512,0.34707,0.68156,-0.72427,-0.20781,-0.5879,-0.59543,-0.37825,0.03404,0.073,-0.81739
500,0.18997,0.15452,0.03248,-0.09198,0.67437,0.87514,-0.71664,-0.16339,-0.47788,-0.40655,-0.43104,-0.20305,0.15293,-0.9462
501,0.47813,0.41097,0.50251,0.29528,0.40667,0.77835,-0.70901,-0.26143,-0.5475,-0.35061,-0.1971,-0.36012,0.22565,-1.04252
502,0.47813,0.79564,0.47678,0.46139,0.28748,0.53717,-0.72427,-0.04567,-0.00102,-0.11865,0.15089,-0.48988,0.11634,-0.93843
503,0.6395,1.02003,0.77304,0.95922,-0.48632,0.63396,-0.8776,-0.08655,0.03207,0.00329,0.54072,-0.42888,0.18424,-1.00558
504,0.83528,1.62861,1.07564,1.62316,-0.24793,0.296,-0.93895,0.11346,0.47643,-0.03675,0.62311,-0.61595,0.16778,-0.94625
505,0.81222,1.08414,0.97254,1.12533,-0.51563,0.44039,-0.93132,0.16823,0.45959,0.07848,0.6069,-0.73026,0.14095,-0.93298
506,0.76612,1.21236,0.90821,1.19904,-0.45604,0.44039,-0.93132,0.03992,0.56576,0.08317,0.78332,-0.7628,0.0205,-0.97317
507,0.61645,0.95591,0.83736,1.03293,-0.48632,0.53717,-0.93895,0.2123,0.39418,0.01423,0.76672,-0.67228,0.07798,-1.05316
508,0.77765,1.24442,0.88882,1.2359,-0.36713,0.3436,-0.94658,0.25314,0.2757,0.3072,0.60979,-0.5718,0.16855,-1.06586
509,0.35134,0.47508,0.52189,0.7931,-0.42672,0.3436,-1.01556,0.24109,0.31881,0.28773,0.79116,-0.46922,0.1288,-1.13489
510,0.69696,0.85975,0.70853,0.51642,-0.00954,0.48957,-0.88533,0.17799,0.25971,0.16015,0.5893,-0.23182,0.12847,-1.15663
511,1.10038,1.30853,1.11423,1.1435,0.25816,0.48957,-1.03866,-0.25392,0.43205,-0.07707,0.42372,0.11809,0.34633,-0.81965
512,0.00572,0.57124,0.02613,0.4427,-0.00954,0.73075,-0.83161,-0.7527,0.47468,-0.55942,0.41016,0.0158,0.2661,-1.01158
513,-0.93927,0.18658,-1.05562,0.16602,0.10966,0.92433,-0.79325,-1.31266,0.35567,-1.25261,0.60919,0.10869,0.1809,-0.86556
514,-0.40923,0.53919,-0.46981,0.18471,0.43696,0.97193,-0.72427,-1.7216,0.56529,-1.96123,0.65584,0.04369,0.22022,-0.82515
515,-1.12352,0.09041,-1.35823,-0.09198,0.43696,0.82754,-0.77026,-1.99618,0.52732,-2.3298,0.63334,-0.04211,0.40622,-0.98053
516,-1.46931,-0.3579,-1.51279,-0.27678,-0.06914,0.87514,-0.80099,-2.24249,0.36225,-2.23957,0.42913,-0.45821,0.36427,-0.77135
517,-1.331,-0.16604,-1.30677,-0.12935,-0.06914,1.2623,-0.77799,-2.17837,0.29225,-2.24032,0.47584,-0.53886,0.29279,-0.77097
518,-1.331,0.25069,-1.38414,-0.07381,-0.27724,0.87514,-0.74726,-1.82832,-0.02667,-2.09616,0.43474,-0.49339,0.29477,-0.75614
519,-0.7779,0.21863,-0.75954,-0.12935,0.07937,1.06872,-0.73964,-1.67883,-0.16677,-1.51537,0.15093,-0.21642,0.40612,-0.8334
520,-0.36312,-0.19762,-0.38609,-0.36866,0.07937,1.02112,-0.74726,-0.94056,-0.18642,-1.14879,-0.07172,-0.32631,0.33729,-0.8034
521,0.16692,-0.22967,0.05186,-0.38735,0.79357,0.73075,-0.80862,-0.65325,-0.37177,-0.77322,-0.25445,-0.11118,0.26099,-0.85532
522,0.16692,-0.38995,0.00675,-0.38735,0.88346,0.68156,-0.81624,-0.44541,-0.72852,-0.36799,-0.30893,0.11493,0.26482,-0.86972
523,0.17845,0.15452,0.10333,-0.40604,1.15116,1.45588,-0.83935,-0.31097,-0.65637,-0.50086,-0.3726,0.01424,0.17959,-0.98012
524,0.28218,-0.00576,0.0004,-0.07381,1.29967,0.82754,-0.755,-0.2459,-0.69873,-0.24368,-0.47821,0.01806,0.07337,-0.87437
525,0.2015,-0.16604,0.12271,-0.60849,0.58547,1.2623,-0.71664,-0.18041,-0.63861,-0.1315,-0.26952,-0.25502,0.0741,-1.05129
526,0.4666,0.57124,0.36081,0.14785,0.05006,0.58478,-0.81624,-0.13666,-0.10183,-0.09648,0.13978,-0.47365,0.08038,-1.0581
527,0.6395,1.4047,0.73426,0.90367,-0.12873,0.92433,-0.755,-0.0414,0.24044,0.00046,0.50446,-0.59777,0.11025,-1.06417
528,0.78917,1.30853,0.7859,0.73808,-0.42672,0.73075,-0.74726,0.10475,0.48236,0.27832,0.58088,-0.6826,0.003,-1.04192
529,0.33981,0.53919,0.47043,0.55327,-0.81362,0.296,-0.84698,-0.01674,0.48819,0.02476,0.69662,-0.83337,0.07716,-1.00286
530,0.36287,0.92386,0.5411,0.82996,-0.93184,0.48957,-0.73964,-0.00796,0.39083,0.08476,0.82525,-0.76202,0.06024,-1.06429
531,0.39745,0.63536,0.59909,0.64567,-0.69443,0.58478,-0.755,0.17199,0.45265,0.33665,0.50318,-0.8461,0.03073,-1.08304
532,0.43203,0.57124,0.52824,0.55327,-0.69443,1.02112,-0.73964,0.33319,0.44465,0.3463,0.73425,-0.62733,-0.0011,-1.06838
533,0.52424,0.76358,0.62482,0.59013,-0.51563,0.58478,-0.76263,0.30664,0.42242,0.30949,0.60266,-0.27649,0.11423,-1.13179
534,0.28218,0.05835,0.36733,-0.01827,-0.15902,0.48957,-0.78562,0.10794,0.22157,0.14303,0.56924,-0.19522,0.31407,-1.11381
535,0.67391,0.69947,0.57336,0.46139,0.31776,0.39278,-0.80099,-0.03414,0.35854,-0.25836,0.6612,-0.04542,0.28907,-0.91436
536,0.0403,0.63536,-0.15416,0.62699,0.19857,0.97193,-0.80862,-0.62055,0.28094,-0.87794,0.51886,-0.00952,0.29081,-0.82279
537,-1.34252,0.09041,-1.39048,0.05545,-0.24793,0.87514,-0.86234,-1.22119,0.42828,-1.26386,0.59548,-0.18465,0.39302,-0.84518
538,-2.29887,-0.10193,-2.35627,-0.33181,0.01977,0.87514,-0.80099,-1.83908,0.47648,-1.88151,0.61737,-0.0302,0.4204,-1.03754
539,-2.55245,0.12246,-2.68478,0.11047,0.25816,0.73075,-0.79325,-2.0065,0.50947,-2.07576,0.5059,-0.14094,0.34799,-1.06746
540,-3.382,-0.00576,-3.47028,-0.27678,-0.24793,0.82754,-0.83161,-2.26383,0.31066,-2.4001,0.50394,-0.3181,0.36459,-0.90321
541,-2.93265,0.53919,-3.11604,0.3503,0.28748,1.16551,-0.755,-2.31212,0.30548,-2.37649,0.45503,-0.42096,0.3208,-0.83246
542,-2.18378,-0.03782,-2.34341,0.07362,0.05006,1.16551,-0.78562,-1.84376,0.08263,-1.89128,0.32859,-0.41484,0.22727,-0.82309
543,-1.81493,-0.10193,-1.80253,-0.29495,-0.06914,1.16551,-0.755,-1.59779,-0.19348,-1.59851,0.13889,-0.36567,0.21877,-0.67101
544,-0.58195,-0.32584,-0.53413,-0.4429,0.28748,0.87514,-0.78562,-1.10698,-0.18699,-1.0128,-0.08921,-0.20858,0.15994,-0.71691
545,0.09776,-0.06987,-0.03837,-0.29495,0.88346,0.77835,-0.755,-0.58503,-0.48459,-0.7273,-0.41155,-0.07012,0.2361,-0.80642
546,0.09776,-0.22967,-0.0641,-0.29495,0.46627,0.73075,-0.76263,-0.28584,-0.6768,-0.43373,-0.37043,0.17001,0.07583,-0.81986
547,0.05183,-0.26173,0.0004,-0.33181,0.40667,0.48957,-0.82398,-0.32595,-0.72825,-0.38591,-0.47277,-0.0569,0.18467,-0.87238
548,-0.08649,-0.32584,-0.12209,-0.38735,0.28748,0.48957,-0.83161,-0.2404,-0.64898,-0.38645,-0.37144,-0.22926,0.04804,-0.89323
549,0.21302,0.0263,0.28362,-0.16621,-0.09942,0.48957,-0.90059,-0.36801,-0.52802,-0.32692,-0.25452,-0.38939,0.10555,-1.02317
550,0.17845,0.0263,0.29648,0.20287,-0.57523,0.296,-0.94658,-0.15958,-0.09005,-0.14115,0.14972,-0.45575,0.18767,-1.1035
551,0.36287,0.37891,0.56701,-0.12935,-0.72374,0.19921,-0.99256,0.03471,0.08941,0.14637,0.39544,-0.69769,0.11153,-0.86854
552,0.32829,0.76358,0.50903,0.77493,-0.78334,0.296,-1.03866,0.03915,0.28446,0.13035,0.72607,-0.69375,0.24084,-0.89969
553,0.6395,1.02003,0.73426,0.73808,-0.84293,0.296,-1.06928,0.11034,0.39025,0.14415,0.67213,-0.90726,0.16992,-1.18678
554,0.48966,0.53919,0.47678,0.46139,-0.60454,0.39278,-1.06928,0.25713,0.46097,0.10333,0.68806,-0.78509,0.05126,-1.17769
555,0.73154,0.79564,0.7859,0.71939,-0.24793,0.44039,-1.0999,0.11817,0.38239,0.0916,0.81544,-0.8591,0.23856,-0.97843
556,0.58187,0.92386,0.76017,0.70122,-0.24793,0.39278,-1.09228,0.13464,0.37133,0.29219,0.66016,-0.67342,0.15563,-0.95195
557,0.74307,0.69947,0.65073,0.49825,0.05006,0.44039,-1.15363,0.22845,0.33432,0.28298,0.66706,-0.44772,0.25569,-1.04811
558,0.78917,0.95591,0.74078,0.77493,0.79357,0.77835,-1.17662,0.21319,0.35894,0.05647,0.43248,-0.10712,0.22034,-1.02787
559,0.98512,0.95591,0.94681,0.77493,0.22788,0.3436,-1.17662,-0.06705,0.23238,-0.20301,0.55536,0.10152,0.27409,-1.01876
560,0.31676,0.95591,0.36081,0.8855,0.05006,0.53717,-1.14589,-0.5591,0.24459,-0.7678,0.52675,0.09592,0.32538,-0.9597
561,-0.53585,-0.00576,-0.56639,0.05545,0.22788,0.68156,-1.1229,-1.31345,0.43031,-1.39705,0.53465,-0.11053,0.42381,-1.00998
562,-0.76637,0.15452,-0.80448,0.01859,0.43696,0.87514,-1.11527,-1.81129,0.40036,-1.95323,0.85117,0.07578,0.2876,-1.06197
563,-0.29396,-0.16604,-0.42469,-0.03695,0.55518,0.73075,-1.10764,-2.08244,0.37466,-2.15935,0.66591,-0.04232,0.29883,-0.89062
564,-0.46686,-0.19762,-0.53413,-0.33181,0.25816,0.44039,-1.11527,-2.24822,0.06873,-2.3052,0.46012,-0.36482,0.25818,-0.75157
565,-0.3977,-0.32584,-0.4439,-0.40604,0.22788,0.87514,-1.11527,-2.20148,0.15843,-2.33919,0.6049,-0.55921,0.334,-0.90124
566,-0.7779,-0.16604,-0.71443,-0.29495,-0.27724,0.53717,-1.10764,-1.79433,0.18047,-2.02828,0.4164,-0.43443,0.24687,-0.8163
567,-0.31702,0.25069,-0.2636,-0.22124,-0.06914,0.87514,-1.11527,-1.45412,-0.23466,-1.56942,0.18499,-0.51073,0.30481,-0.94142
568,-0.05191,-0.22967,-0.1027,-0.35049,0.22788,0.53717,-1.13064,-0.96577,-0.25889,-1.25687,-0.18228,-0.18524,0.23006,-0.81723
569,0.17845,-0.10193,0.06473,-0.23992,0.85317,0.63396,-1.10764,-0.65764,-0.50612,-0.9688,-0.32073,-0.03191,0.32038,-0.83705
570,0.07471,-0.16604,0.10333,0.01859,0.25816,0.24681,-1.11527,-0.20899,-0.52163,-0.40686,-0.53066,0.11795,-0.02996,-0.91024
571,0.15539,0.05835,0.14192,-0.05512,0.25816,0.3436,-1.13064,-0.32797,-0.56867,-0.41495,-0.4864,-0.08947,0.1358,-0.86346
572,0.12081,-0.10193,0.05821,-0.11067,0.67437,0.44039,-1.10764,-0.29969,-0.47652,-0.36628,-0.44899,-0.10705,0.14417,-0.91064
573,-0.21328,-0.26173,-0.10922,-0.35049,-0.33684,0.3436,-1.14589,-0.39933,-0.61101,-0.20251,-0.30452,-0.26855,0.14855,-1.04201
574,-0.16717,-0.10193,-0.0641,-0.23992,-0.63483,0.19921,-1.10764,-0.27658,-0.16753,-0.09658,0.04416,-0.43646,0.26052,-1.01757
575,0.32829,0.57124,0.41879,0.40585,0.01977,0.53717,-1.14589,0.01656,0.12449,-0.06388,0.503,-0.56164,0.17456,-0.88384
576,0.47813,0.85975,0.56701,0.62699,-0.18833,0.73075,-1.13064,0.04853,0.26045,0.27951,0.66158,-0.58434,0.11758,-1.1162
577,0.38592,0.63536,0.39306,0.55327,-0.30753,0.53717,-1.16888,0.00299,0.39851,0.10552,0.63038,-0.73166,0.19824,-1.14741
578,0.38592,0.8918,0.53476,1.01476,-0.45604,0.39278,-1.13826,-0.01504,0.54556,0.16239,0.69416,-0.92387,0.18824,-1.09421
579,0.15539,0.34685,0.25136,0.36899,-0.36713,0.68156,-1.15363,0.12041,0.32647,0.21957,0.63516,-0.74213,0.11927,-1.0557
580,0.25913,0.6033,0.33508,0.23973,-0.27724,0.73075,-1.13826,0.19207,0.39701,0.21326,0.57433,-0.59055,-0.0092,-1.02127
581,0.39745,0.53919,0.40593,0.3503,0.07937,1.11632,-1.09228,0.23286,0.25201,0.32015,0.6079,-0.39953,0.25294,-1.05615
582,0.38592,0.50713,0.47678,0.11047,-0.00954,0.53717,-1.11527,0.17273,0.30237,0.18961,0.59029,-0.12703,0.2074,-1.07296
583,0.31676,0.37891,0.25789,0.0923,0.52587,0.82754,-1.10764,-0.0688,0.431,-0.29436,0.4962,0.15144,0.2374,-1.07789
584,0.13234,0.18658,0.07759,0.05545,0.19857,0.77835,-1.26097,-0.52192,0.32329,-0.76174,0.39388,-0.14572,0.23997,-0.93032
585,-0.20175,0.12246,-0.18641,0.05545,0.10966,0.77835,-1.06928,-1.24661,0.32383,-1.32852,0.60769,0.01094,0.41029,-1.02133
586,0.10929,0.21863,0.12271,0.31345,0.22788,0.68156,-1.00793,-1.78428,0.42488,-1.98141,0.58156,0.00472,0.3229,-1.10081
587,-0.01733,0.15452,-0.05124,0.36899,0.37736,0.48957,-1.03866,-2.08376,0.42814,-2.36518,0.58317,-0.22582,0.33412,-1.07109
588,-0.89316,-0.3579,-0.91393,-0.35049,-0.36713,0.296,-1.23024,-2.32714,0.28189,-2.38787,0.40853,-0.30284,0.2425,-0.89968
589,-0.45533,-0.03782,-0.43755,-0.01827,-0.21764,0.58478,-1.0233,-2.35215,0.14374,-2.36723,0.63027,-0.4169,0.42259,-1.03737
590,-0.78943,0.0263,-0.75954,-0.07381,-0.15902,0.73075,-1.10764,-1.93253,-0.04648,-2.11555,0.30121,-0.40867,0.29101,-0.73759
591,-0.20175,0.18658,-0.2058,-0.11067,-0.21764,0.53717,-1.03866,-1.64486,-0.16072,-1.83665,0.14436,-0.39768,0.34462,-0.82912
592,0.06335,-0.26173,0.05186,-0.29495,0.13897,0.3436,-1.09228,-1.04948,-0.31698,-1.24509,-0.04816,-0.25007,0.29318,-0.74077
593,0.12081,-0.48612,0.039,-0.49792,0.58547,0.296,-1.21498,-0.65196,-0.64419,-0.74043,-0.26372,0.06883,0.07631,-0.90431
594,0.08623,-0.51817,-0.02551,-0.51661,0.52587,0.19921,-1.18425,-0.40752,-0.75565,-0.3969,-0.39782,0.23934,0.01333,-0.80219
595,-0.06344,-0.55023,-0.07697,-0.49792,0.10966,0.10242,-1.16888,-0.42719,-0.75885,-0.43138,-0.41188,0.22023,0.13257,-0.98751
596,-0.20175,-0.71051,-0.16702,-0.66404,-0.06914,0.24681,-1.03866,-0.23314,-0.63286,-0.39241,-0.60588,-0.01796,0.1772,-0.90387
597,-0.20175,-0.80668,-0.16068,-0.84832,-0.18833,0.296,-1.13826,-0.26125,-0.56469,-0.38322,-0.24868,-0.32436,0.14891,-1.18726
598,0.16692,0.12246,0.20643,-1e-04,-0.33684,0.3436,-1.62124,-0.15103,-0.09815,-0.1925,0.07995,-0.59287,0.18006,-0.90133
599,0.43203,0.37891,0.57336,0.5351,-0.57523,0.296,-1.76683,0.06503,-0.04973,-0.23114,0.44628,-0.43971,0.11093,-1.00738
600,0.39745,0.3148,0.4833,0.62699,-0.69443,0.296,-1.86654,0.16679,0.35563,0.29093,0.63046,-0.66357,0.10497,-1.13985
601,0.66238,1.02003,0.83102,0.95922,-0.78334,0.24681,-1.86654,-0.09562,0.43052,0.09968,0.71038,-0.83306,0.23481,-1.1644
602,0.29371,0.73152,0.53476,0.73808,-0.69443,0.296,-1.61361,0.02046,0.33769,0.20366,0.69717,-0.91838,0.13315,-1.12201
603,0.48966,0.66741,0.72792,0.77493,-0.72374,0.3436,-1.64423,0.19705,0.48835,0.12362,0.71218,-0.86266,0.11327,-1.09752
604,0.2476,0.37891,0.39959,0.31345,-0.60454,0.3436,-1.59824,0.15428,0.51921,0.19869,0.6527,-0.68988,0.14363,-1.27723
605,0.39745,0.21863,0.44452,0.05545,-0.15902,0.53717,-1.59061,0.20653,0.38051,0.20055,0.73946,-0.37772,0.0556,-1.05934
606,0.57034,0.37891,0.65073,0.31345,-0.09942,0.39278,-1.58288,0.1393,0.3629,0.14142,0.48822,-0.11473,0.1761,-1.172
607,0.91596,0.47508,0.79877,0.47956,0.58547,0.58478,-1.52153,-0.07965,0.34818,-0.36153,0.52291,0.00113,0.38873,-1.17172
608,0.4205,0.47508,0.32874,0.05545,0.79357,1.16551,-1.55226,-0.59926,0.2595,-0.82036,0.66648,-0.05707,0.44329,-1.07506
609,-0.25939,0.3148,-0.30238,-0.03695,0.19857,0.77835,-1.5139,-1.07308,0.39416,-1.53041,0.43447,-0.00107,0.43963,-1.14752
610,-1.26184,0.12246,-1.31963,0.01859,0.01977,0.68156,-1.5139,-1.93817,0.5162,-2.00519,0.64547,0.0144,0.35231,-1.06013
611,-1.67661,-0.06987,-1.75107,-0.07381,0.25816,0.48957,-1.4909,-2.10538,0.44452,-2.0288,0.50996,-0.16057,0.15701,-0.85453
612,-1.50389,-0.61434,-1.52565,-0.49792,-0.39644,0.3436,-1.40656,-2.34562,0.27441,-2.36656,0.42976,-0.42116,0.20036,-0.80174
613,-2.21836,-0.10193,-2.22762,-0.16621,-0.24793,0.58478,-1.3682,-2.2331,0.15664,-2.25508,0.50477,-0.34321,0.36414,-0.96751
614,-2.02241,-0.19762,-2.10513,-0.36866,-0.39644,0.58478,-1.3452,-1.90705,0.10914,-2.00117,0.36867,-0.4831,0.18747,-0.75668
615,-1.65356,0.05835,-1.81539,-0.20307,0.07937,0.87514,-1.37594,-1.60868,-0.07867,-1.69272,0.24679,-0.43528,0.19694,-0.7771
616,-0.61653,-0.38995,-0.66297,-0.47975,0.28748,0.82754,-1.38356,-1.18989,-0.37508,-1.09519,-0.02014,-0.26995,0.31339,-0.6649
617,0.12081,-0.6464,0.01961,-0.70089,0.67437,0.3436,-1.39893,-0.76838,-0.45025,-0.77535,-0.34229,-0.05245,0.06171,-0.81162
618,0.16692,-0.67845,0.07759,-0.68272,0.64506,0.296,-1.38356,-0.35871,-0.67996,-0.43423,-0.45497,0.03948,0.2007,-0.95536
619,0.05183,-0.71051,0.01327,-0.53478,0.73397,0.39278,-1.46028,-0.4682,-0.54961,-0.515,-0.51166,-0.08313,0.05512,-0.85929
620,-0.05191,-0.67845,-0.07044,-0.68272,0.49656,0.58478,-1.50627,-0.42298,-0.64142,-0.45307,-0.54261,-0.18219,0.34171,-1.05569
621,-0.10954,-0.3579,-0.16702,-0.75644,0.46627,0.82754,-1.59061,-0.21584,-0.45276,-0.21599,-0.28965,-0.34792,-0.0599,-0.90313
622,-0.15565,-0.38995,-0.12209,-0.22124,0.55518,0.73075,-1.62124,-0.17193,-0.20003,-0.207,-0.02505,-0.48408,0.33931,-1.02843
623,0.06335,0.25069,0.14192,0.23973,0.05006,0.63396,-1.54452,0.04887,0.24353,-0.09084,0.39982,-0.52585,0.03339,-1.09845
624,0.25913,0.6033,0.28362,0.36899,-0.36713,0.3436,-1.56751,-0.01719,0.3397,0.04856,0.55242,-0.60213,0.16406,-0.89944
625,0.14387,0.37891,0.27728,0.38716,-0.42672,0.39278,-1.56751,-0.07127,0.54139,-0.03267,0.64969,-0.89846,0.04368,-1.09209
626,0.08623,0.44302,0.01961,0.27659,-0.09942,0.73075,-1.50627,0.03466,0.40493,0.18806,0.69475,-0.84007,0.01035,-0.8996
627,-0.04038,0.50713,0.01327,0.01859,-0.06914,0.73075,-1.55226,0.15472,0.50534,0.07843,0.61448,-0.8931,0.05561,-1.01788
628,0.00572,0.76358,0.07759,0.31345,-0.15902,0.73075,-1.5139,0.18647,0.34619,0.25019,0.76576,-0.59922,0.18606,-1.20373
629,0.13234,0.85975,0.26423,0.5351,-0.30753,0.73075,-1.5139,0.18279,0.31436,0.28481,0.52295,-0.23135,0.27069,-1.08738
630,0.29371,0.34685,0.32874,0.51642,0.28748,0.44039,-1.55988,0.19825,0.33415,0.18541,0.52309,-0.2447,0.29671,-1.12705
631,0.72001,0.6033,0.71505,0.55327,0.55518,0.58478,-1.55226,-0.12786,0.26559,-0.23862,0.46816,-0.06048,0.31189,-0.94574
632,0.23608,0.98797,0.16131,0.57196,0.94208,1.02112,-1.54452,-0.56741,0.22627,-0.68144,0.45579,-0.12689,0.27476,-0.95606
633,-0.43228,0.73152,-0.59846,0.18471,0.97236,1.02112,-1.54452,-1.32831,0.21823,-1.52793,0.63194,0.10085,0.41879,-0.8845
634,-1.50389,0.69947,-1.80905,0.42453,0.67437,0.97193,-1.55988,-1.74712,0.4885,-1.97508,0.48441,-0.05199,0.30713,-0.84994
635,-0.53585,0.34685,-0.79162,0.46139,1.18047,1.40669,-1.52153,-2.03894,0.34927,-2.19421,0.60375,-0.06232,0.40882,-0.97869
636,-1.65356,-0.19762,-1.91849,-0.23992,0.13897,0.87514,-1.48328,-2.12194,0.26898,-2.33733,0.49245,-0.22777,0.02054,-0.96275
637,-1.83798,0.34685,-1.94422,0.20287,-0.12873,0.77835,-1.45254,-2.19993,0.25204,-2.50554,0.64228,-0.54274,0.24696,-0.85661
638,-0.91622,0.18658,-0.83039,0.3503,-0.60454,0.82754,-1.50627,-1.95025,0.20305,-1.96748,0.44798,-0.45457,0.27298,-0.85972
639,-0.69722,0.0263,-0.67583,0.07362,-0.48632,0.53717,-1.4909,-1.44224,-0.03715,-1.70613,0.11155,-0.49043,0.12422,-0.74423
640,-0.20175,0.25069,-0.23153,0.01859,-0.03983,0.39278,-1.45254,-0.9926,-0.29912,-1.2262,-0.17733,-0.20659,0.14152,-0.7243
641,0.2476,-0.06987,0.16765,0.03676,0.67437,0.3436,-1.44492,-0.62714,-0.5706,-0.84926,-0.25899,-0.12082,0.06726,-0.88617
642,0.2476,0.05835,0.16131,0.05545,0.61478,0.10242,-1.45254,-0.383,-0.65751,-0.40288,-0.42323,0.06745,0.13002,-0.96674
643,0.16692,0.05835,0.06473,0.03676,0.55518,0.19921,-1.46028,-0.30547,-0.78304,-0.43467,-0.59208,0.21849,0.19075,-0.82474
644,0.05183,-0.06987,-0.04471,-0.03695,0.58547,0.44039,-1.44492,-0.21438,-0.64884,-0.30035,-0.62652,0.01056,0.06042,-0.78148
645,0.21302,0.21863,0.21929,-0.05512,0.55518,0.53717,-1.45254,-0.29882,-0.55601,-0.24687,-0.27589,-0.18999,0.1319,-0.91381
646,0.40897,0.79564,0.44452,0.38716,0.10966,0.73075,-1.42955,-0.2127,0.03833,-0.27682,0.06866,-0.36369,0.19723,-1.202
647,0.52424,1.18031,0.66993,0.7931,-0.27724,0.87514,-1.40656,-0.12118,0.05005,0.00438,0.37437,-0.47874,0.15281,-0.82881
648,0.73154,1.05208,0.8245,0.9779,-0.24793,0.77835,-1.45254,0.03522,0.45293,0.23003,0.7007,-0.71049,0.01864,-1.01214
649,0.6395,1.05208,0.79877,1.16219,-0.45604,0.58478,-1.46028,0.17672,0.45705,-0.03952,0.59385,-0.71078,0.08341,-1.08088
650,0.6395,1.37264,0.8245,1.06979,-0.24793,0.39278,-1.39893,-0.00662,0.43361,0.27121,0.68666,-0.87187,0.02221,-1.09842
651,0.6395,1.14825,0.77304,0.9779,-0.48632,0.44039,-1.46028,0.08679,0.42501,0.2795,0.69027,-0.70982,0.12235,-1.18303
652,0.45508,1.02003,0.57988,0.68253,-0.45604,0.48957,-1.53689,0.13612,0.37183,0.29212,0.50453,-0.53538,0.08173,-1.0732
653,0.5934,0.66741,0.53476,0.60882,-0.03983,0.73075,-1.55988,0.38148,0.50057,0.35998,0.54334,-0.53058,0.12857,-1.13164
654,0.60492,0.50713,0.61847,0.49825,0.46627,0.73075,-1.52926,0.07101,0.25493,0.08919,0.50557,-0.11029,0.14735,-0.91459
655,1.14649,1.30853,1.04339,0.81179,1.00168,0.53717,-1.58288,-0.11411,0.26826,-0.24236,0.51134,0.10015,0.36843,-1.02821
656,0.65086,1.24442,0.43166,0.86681,1.00168,1.11632,-1.49853,-0.58364,0.31633,-0.72547,0.43043,0.03547,0.26617,-1.11676
657,-0.46686,0.12246,-0.42469,0.25842,0.13897,0.58478,-1.42192,-1.38366,0.43968,-1.44745,0.78298,0.04989,0.29701,-1.01516
658,-1.03148,0.53919,-1.1908,0.20287,0.13897,0.58478,-1.45254,-1.7781,0.31731,-1.9978,0.49392,0.04355,0.26048,-0.9638
659,-0.84706,0.41097,-0.89472,0.29528,0.34707,0.68156,-1.33758,-2.20569,0.37237,-2.33804,0.57506,-0.18358,0.23198,-0.90866
660,-3.16318,0.05835,-3.28347,-0.03695,0.01977,0.82754,-1.25323,-2.3897,0.39709,-2.50479,0.53709,-0.33552,0.16525,-0.95572
661,-0.88164,0.3148,-0.86899,0.23973,-0.12873,0.82754,-1.27622,-2.25446,0.15073,-2.32118,0.40668,-0.35697,0.25185,-0.93221
662,-0.98538,0.12246,-0.9913,0.25842,-0.18833,0.82754,-1.23024,-1.97603,0.02808,-2.19562,0.40922,-0.45202,0.12159,-0.83222
663,-1.00843,0.50713,-1.06215,0.29528,-0.15902,0.82754,-1.29922,-1.55258,-0.16259,-1.78563,0.38103,-0.40978,0.2617,-0.95163
664,0.02877,0.05835,-0.10922,-0.01827,0.19857,1.21311,-1.27622,-0.85853,-0.29155,-1.23697,-0.00101,-0.47586,0.24926,-0.94513
665,0.17845,0.12246,0.00675,0.01859,1.06127,0.68156,-1.25323,-0.59345,-0.37208,-0.90494,-0.09244,-0.09017,0.1874,-0.94087
666,0.37439,0.25069,0.13558,-0.01827,1.32898,0.53717,-1.29922,-0.29916,-0.75713,-0.52028,-0.27832,0.02316,0.07062,-0.85161
667,0.29371,0.12246,0.09046,0.03676,1.24007,0.68156,-1.33758,-0.28757,-0.72955,-0.50691,-0.4702,-0.08925,0.18067,-0.87481
668,0.08623,0.41097,-0.04471,-0.05512,0.85317,0.92433,-1.35294,-0.18432,-0.72355,-0.43566,-0.47206,-0.17715,0.16015,-0.8917
669,0.30524,0.12246,0.24502,-0.11067,0.85317,0.87514,-1.30696,-0.31895,-0.50364,-0.45285,-0.24653,-0.33984,-0.02521,-0.85705
670,0.21302,0.25069,0.14192,0.03676,0.55518,1.21311,-1.32995,-0.20517,-0.13092,-0.03301,0.07914,-0.48852,0.04736,-0.98123
671,0.62797,0.98797,0.72792,0.77493,-0.42672,0.53717,-1.31458,-0.02096,0.07204,-0.0716,0.59029,-0.43763,0.10846,-1.13106
672,0.95054,1.30853,1.06277,1.56813,0.01977,0.73075,-1.33758,0.0303,0.34217,0.14148,0.70292,-0.4253,-0.03085,-1.01772
673,0.93901,1.853,1.11423,1.71556,-0.06914,0.82754,-1.32221,0.03186,0.43153,0.10326,0.6421,-0.73128,-0.08682,-1.14833
674,0.86986,1.37264,0.90169,1.10664,-0.21764,0.73075,-1.35294,-0.0416,0.50798,0.27063,0.6972,-0.72052,-0.07072,-1.01527
675,0.68543,1.21236,0.72792,1.21773,-0.21764,0.77835,-1.33758,0.20163,0.4432,0.21524,0.74309,-0.81158,-0.04175,-1.23397
676,0.60492,1.11619,0.63768,0.8855,-0.33684,0.58478,-1.37594,0.16976,0.39821,0.29645,0.69564,-0.72215,-0.08472,-1.17511
677,0.89291,1.66066,0.94046,1.38333,-0.30753,0.53717,-1.36057,0.14389,0.32466,0.20842,0.52434,-0.46031,0.10043,-1.00937
678,0.8468,0.82769,0.83736,0.73808,0.31776,0.68156,-1.37594,0.15411,0.27585,0.03465,0.37622,0.01319,0.05212,-0.96424
679,1.16954,1.66066,1.10789,1.38333,0.94208,0.87514,-1.41429,-0.01059,0.38307,-0.32689,0.62825,-0.08806,0.27891,-1.12552
680,0.16692,1.24442,-0.07697,0.73808,0.97236,1.35909,-1.39119,-0.55104,0.25285,-0.85082,0.5406,-0.05119,0.21215,-1.03753
681,-0.23633,0.76358,-0.31524,0.49825,0.64506,1.11632,-1.39893,-1.33807,0.39496,-1.54246,0.55383,-0.02041,0.3483,-0.9491
682,-0.46686,0.21863,-0.56639,0.12916,0.67437,1.06872,-1.39119,-1.67364,0.48757,-2.15872,0.5164,-0.00697,0.30349,-0.96592
683,-0.66264,0.25069,-0.80448,-1e-04,1.03196,1.02112,-1.39893,-2.12232,0.39398,-2.23446,0.57819,-0.09923,0.2492,-0.99381
684,-1.36557,-0.10193,-1.34536,-0.20307,-0.12873,0.77835,-1.3682,-2.27684,0.17162,-2.45087,0.5272,-0.45192,0.28261,-0.90436
685,-2.17225,0.25069,-2.29194,0.38716,-0.36713,0.48957,-1.33758,-2.20549,0.17154,-2.44061,0.52462,-0.6028,0.26596,-0.87544
686,-0.82401,0.09041,-0.76589,0.20287,-0.27724,0.73075,-1.35294,-1.84434,0.03238,-2.09853,0.37861,-0.59943,0.19684,-0.81411
687,-0.46686,0.37891,-0.52127,0.25842,-0.27724,0.48957,-1.35294,-1.70108,-0.21034,-1.81889,0.21327,-0.38964,0.31807,-0.73593
688,-0.05191,0.37891,-0.07044,0.16602,0.13897,0.48957,-1.32221,-1.0823,-0.40794,-1.0472,-0.03129,-0.09615,0.24385,-0.92056
689,0.25913,0.09041,0.10333,-0.07381,0.91277,0.48957,-1.31458,-0.65552,-0.53542,-0.87962,-0.33147,0.0718,0.25712,-0.97715
690,0.38592,0.28274,0.10985,0.03676,1.62697,0.92433,-1.32221,-0.32374,-0.66544,-0.51105,-0.50055,0.1333,0.05847,-0.91152
691,0.31676,0.21863,0.08394,0.03676,1.59766,1.16551,-1.30696,-0.34304,-0.87206,-0.53308,-0.54264,0.05762,0.05821,-0.96456
692,0.16692,0.3148,-0.02551,0.01859,0.88346,0.73075,-1.29159,-0.30973,-0.63659,-0.54714,-0.36711,-0.05709,0.11693,-1.11995
693,-0.06344,0.15452,-0.15416,-1e-04,0.55518,0.68156,-1.21498,-0.41931,-0.51646,-0.39569,-0.39211,-0.28384,0.12026,-1.09496
694,0.02877,0.15452,-0.08983,0.20287,0.25816,0.53717,-1.20724,-0.16724,-0.20065,-0.31231,0.01861,-0.47825,0.06452,-0.90475
695,0.13234,0.69947,0.23216,0.57196,0.01977,0.58478,-1.20724,0.16662,0.08036,0.03088,0.52269,-0.60652,0.07122,-1.15393
696,0.57034,0.85975,0.60561,0.77493,-0.09942,0.58478,-1.21498,0.05336,0.3881,0.2067,0.81068,-0.47914,-0.10469,-1.11081
697,0.47813,1.24442,0.50903,1.10664,-0.09942,0.58478,-1.25323,-0.02902,0.28504,0.11324,0.67909,-0.78716,0.16083,-0.99814
698,0.45508,1.02003,0.56701,1.05162,-0.27724,0.3436,-1.25323,-0.00562,0.38743,-0.00224,0.77559,-0.78804,0.05596,-0.92273
699,0.51271,1.18031,0.6442,1.27276,-0.39644,0.63396,-1.23024,0.03431,0.4471,0.32172,0.75832,-0.8273,0.12703,-1.25378
700,0.53576,1.08414,0.63768,0.7931,-0.27724,0.44039,-1.2456,0.25208,0.35827,0.37758,0.58437,-0.6262,-0.05619,-1.06588
701,0.4666,0.8918,0.46391,0.57196,0.13897,0.73075,-1.2686,0.42977,0.42901,0.29725,0.6412,-0.36816,-0.15539,-0.9853
702,0.40897,-0.00576,0.35447,0.25842,0.01977,0.10242,-1.28396,0.26263,0.2911,0.25143,0.41639,-0.04371,0.08199,-1.11532
703,0.44355,0.53919,0.31587,0.20287,0.58547,0.296,-1.29159,-0.14907,0.33636,-0.03221,0.56832,-0.00454,0.19491,-1.05514
704,-0.24786,0.76358,-0.27013,0.47956,0.37736,0.53717,-1.29922,-0.55394,0.43772,-0.85814,0.41782,-0.04476,0.27627,-0.98491
705,-1.89562,0.34685,-1.98934,0.11047,-0.06914,0.73075,-1.27622,-1.22736,0.26471,-1.42378,0.48238,0.06342,0.34808,-0.83515
706,-2.67924,0.76358,-2.88428,0.75624,0.37736,0.58478,-1.29159,-1.85951,0.40652,-2.06086,0.72894,-0.04734,0.34271,-0.99269
707,-2.82891,0.05835,-3.03232,-0.12935,0.13897,0.53717,-1.2456,-2.00088,0.36082,-2.16706,0.6421,-0.17211,0.21727,-0.89437
708,-3.57795,-0.22967,-3.68283,-0.11067,-0.45604,0.296,-1.2456,-2.37746,0.32102,-2.23742,0.46674,-0.45442,0.2072,-0.95997
709,-3.52032,-0.10193,-3.29633,-0.11067,-1.79553,-0.47832,-1.06928,-2.25482,0.12264,-2.32013,0.59004,-0.40925,0.28408,-0.86948
710,-1.72272,-0.22967,-1.46767,-0.14752,-1.67633,-0.57511,-1.13064,-1.89497,-0.04054,-2.03538,0.45781,-0.45646,0.17877,-0.77662
711,-1.22726,-0.29378,-0.90106,0.01859,-2.24202,-0.96068,-1.13064,-1.4543,-0.13414,-1.83687,0.10518,-0.38661,0.21528,-0.76747
712,-0.7779,-0.48612,-0.52761,-0.20307,-1.43794,-0.52592,-1.13064,-1.09994,-0.28124,-1.21898,-0.06412,-0.29411,0.23409,-0.77195
713,0.12081,-0.45406,0.04534,-0.38735,0.43696,-0.09116,-1.13826,-0.64485,-0.3537,-0.84351,-0.41309,-0.05356,0.18235,-0.83827
714,0.18997,-0.3579,0.08394,-0.40604,0.64506,0.39278,-1.06928,-0.34797,-0.68454,-0.42211,-0.60198,0.11388,0.16096,-0.8701
715,0.14387,-0.3579,0.05186,-0.40604,0.64506,0.44039,-1.10764,-0.32283,-0.76009,-0.46776,-0.5055,-0.01569,0.00444,-0.9673
716,0.09776,-0.26173,-0.05124,-0.42421,0.76426,0.82754,-1.17662,-0.45235,-0.73415,-0.52217,-0.71897,0.07933,0.22507,-0.79191
717,-0.06344,-0.32584,-0.17355,-0.4429,0.67437,0.97193,-1.19188,-0.28674,-0.45451,-0.32137,-0.40332,-0.19658,0.08482,-0.99374
718,-0.1326,0.34685,-0.12843,0.03676,0.55518,1.02112,-1.19962,-0.20257,-0.22992,-0.14783,0.1767,-0.44862,0.07513,-1.00109
719,0.32829,0.50713,0.25136,0.33213,0.40667,0.87514,-1.19188,-0.07357,0.28978,0.08965,0.34652,-0.48602,-0.01146,-1.15245
